FileName,difficulty,diff,JPName,ENName,Vintage,SongName,Artist,Difficulty,Length,easy,med,hard,very hard,Genres,Tags
Ameku M.D. Doctor Detective - SCOPE by Aimer [amq-79033].webm,medium,medium,Ameku Takao no Suiri Karte,Ameku M.D.: Doctor Detective,Winter 2025,SCOPE,Aimer,45,"88,938",,,,,,
Possibly the Greatest Alchemist of All Time - TREASURE! by DIALOGUE+ [amq-79035].webm,easy,easy,Izure Saikyou no Renkinjutsushi?,Possibly the Greatest Alchemist of All Time,Winter 2025,TREASURE!,DIALOGUE+,26,"89,062",,,,,,
Bogus Skill Fruitmaster About that Time I Became Able to Eat Unlimited Numbers of Skill Fruits (That Kill You) - Bravely Dance by Aglio Olio e Peperoncino × Yukihana Lamy [amq-79023].webm,easy,easy,"Hazure Skill ""Kinomi Master"": Skill no Mi (Tabetara Shinu) o Mugen ni Taberareru You ni Natta Ken ni Tsuite",Bogus Skill <<Fruitmaster>>: About that Time I Became Able to Eat Unlimited Numbers of Skill Fruits (That Kill You),Winter 2025,Bravely Dance,Aglio Olio e Peperoncino × Yukihana Lamy,32,"89,095",,,,,,
Headhunted to Another World From Salaryman to Big Four! - Isekai Kyousoukyoku by Kentaro Seino [amq-79038].webm,easy,easy,Salaryman ga Isekai ni Ittara Shitennou ni Natta Hanashi,Headhunted to Another World: From Salaryman to Big Four!,Winter 2025,Isekai Kyousoukyoku,Kentaro Seino,32,"89,854",,,,,,
"OKITSURA Fell in Love with an Okinawan Girl, but I Just Wish I Know What She's Saying - Dai Dai Daisuki by HY [amq-79066].webm",easy,easy,Okinawa de Suki ni Natta Ko ga Hougen Sugite Tsurasugiru,"OKITSURA: Fell in Love with an Okinawan Girl, but I Just Wish I Know What She's Saying",Winter 2025,Dai Dai Daisuki,HY,37,"89,055",,,,,,
Sora-iro Utility - Shujinkou ni Narou! by Masayoshi Oishi feat. Airi Suzuki [amq-79053].webm,easy,easy,Sora-iro Utility,Sora-iro Utility,Winter 2025,Shujinkou ni Narou!,Masayoshi Oishi feat. Airi Suzuki,39,"87,477",,,,,,
Beheneko The Elf-Girl's Cat is Secretly an S-Ranked Monster! - Saijoukyuu no Kokoro by Nonoka Obuchi [amq-79060].webm,easy,easy,"S-Rank Monster no ""Behemoth"" dakedo, Neko to Machigawarete Elf Musume no Pet Toshite Kurashitemasu",Beheneko: The Elf-Girl's Cat is Secretly an S-Ranked Monster!,Winter 2025,Saijoukyuu no Kokoro,Nonoka Obuchi,28,"99,656",,,,,,
Solo Leveling Season 2 Arise from the Shadow - ReawakeR by LiSA feat. Felix of Stray Kids [amq-79065].webm,hard,hard,Ore dake Level Up na Ken: Arise from the Shadow,Solo Leveling Season 2: Arise from the Shadow,Winter 2025,ReawakeR,LiSA feat. Felix of Stray Kids,69,"87,644",,,,,,
Momentary Lily - Oishii Survivor by HANABIE. [amq-79052].webm,easy,easy,Momentary Lily,Momentary Lily,Winter 2025,Oishii Survivor,HANABIE.,38,"89,437",,,,,,
"I'm Getting Married to a Girl I Hate in My Class - Koibito Ijou, Suki Miman by =LOVE [amq-79056].webm",easy,easy,Class no Daikirai na Joshi to Kekkon Suru Koto ni Natta.,I'm Getting Married to a Girl I Hate in My Class,Winter 2025,"Koibito Ijou, Suki Miman",=LOVE,29,"88,168",,,,,,
Tasokare Hotel - Tasokare by Kayoko Yoshizawa [amq-79057].webm,easy,easy,Tasokare Hotel,Tasokare Hotel,Winter 2025,Tasokare,Kayoko Yoshizawa,30,"89,145",,,,,,
Blue Exorcist The Blue Night Saga - Tsuukaku by amazarashi [amq-79062].webm,easy,easy,Ao no Exorcist: Yosuga-hen,Blue Exorcist: The Blue Night Saga,Winter 2025,Tsuukaku,amazarashi,29,"87,636",,,,,,
My Happy Marriage - Shiawase na Yakusoku. by Riria. [amq-79080].webm,medium,medium,Watashi no Shiawase na Kekkon,My Happy Marriage,Winter 2025,Shiawase na Yakusoku.,Riria.,47,"88,353",,,,,,
I Want to Escape from Princess Lessons - Kimi to Shika Koishinai by Jun Fukuyama [amq-79072].webm,easy,easy,Kisaki Kyouiku kara Nigetai Watashi,I Want to Escape from Princess Lessons,Winter 2025,Kimi to Shika Koishinai,Jun Fukuyama,25,"89,937",,,,,,
"I'm a Noble on the Brink of Ruin, So I Might as Well Try Mastering Magic - Wonderlust!! by saji [amq-79085].webm",easy,easy,"Botsuraku Yotei no Kizoku dakedo, Hima Datta kara Mahou o Kiwamete Mita","I'm a Noble on the Brink of Ruin, So I Might as Well Try Mastering Magic",Winter 2025,Wonderlust!!,saji,24,"89,137",,,,,,
Promise of Wizard - Year N by Mili [amq-79081].webm,medium,medium,Mahoutsukai no Yakusoku,Promise of Wizard,Winter 2025,Year N,Mili,40,"88,645",,,,,,
Medaka Kuroiwa is Impervious to My Charms - Ame Tokimeki Koimoyou by Iroha ni Hohetto AyaFubuMi [amq-79083].webm,easy,easy,Kuroiwa Medaka ni Watashi no Kawaii ga Tsuujinai,Medaka Kuroiwa is Impervious to My Charms,Winter 2025,Ame Tokimeki Koimoyou,Iroha ni Hohetto AyaFubuMi,26,"89,603",,,,,,
"I Have a Crush at Work - Ano ne, by Polkadot Stingray [amq-79088].webm",easy,easy,Kono Kaisha ni Suki na Hito ga Imasu,I Have a Crush at Work,Winter 2025,"Ano ne,",Polkadot Stingray,27,"89,854",,,,,,
Grisaia Phantom Trigger - Zero Ignition by Mao Uesugi [amq-79090].webm,easy,easy,Grisaia: Phantom Trigger,Grisaia: Phantom Trigger,Winter 2025,Zero Ignition,Mao Uesugi,25,"88,762",,,,,,
Aquarion Myth of Emotions - Sousei no Aquarion Myth of Emotions Ver. by AKINO from bless4・Yoshiki Fukuyama [amq-79108].webm,medium,medium,Sousei no Aquarion: Myth of Emotions,Aquarion Myth of Emotions,Winter 2025,Sousei no Aquarion Myth of Emotions Ver.,AKINO from bless4・Yoshiki Fukuyama,42,"88,261",,,,,,
Ave Mujica The Die is Cast - KiLLKiSS by Ave Mujica [amq-79102].webm,hard,hard,BanG Dream! Ave Mujica,Ave Mujica: The Die is Cast,Winter 2025,KiLLKiSS,Ave Mujica,60,"87,602",,,,,,
Dr. Stone Science Future - CASANOVA POSSE by ALI [amq-79104].webm,medium,medium,Dr. Stone: Science Future,Dr. Stone: Science Future,Winter 2025,CASANOVA POSSE,ALI,54,"89,638",,,,,,
From Bureaucrat to Villainess Dad's Been Reincarnated! - Choose!!! by Cidergirl [amq-79106].webm,easy,easy,Akuyaku Reijou Tensei Ojisan,From Bureaucrat to Villainess: Dad's Been Reincarnated!,Winter 2025,Choose!!!,Cidergirl,28,"89,895",,,,,,
"Anyway, I'm Falling in Love with You - Make It Count by INI [amq-79112].webm",easy,easy,"Douse, Koishite Shimaunda.","Anyway, I'm Falling in Love with You",Winter 2025,Make It Count,INI,26,"89,395",,,,,,
Honey Lemon Soda - Magic Hour by &TEAM [amq-79100].webm,medium,medium,Honey Lemon Soda,Honey Lemon Soda,Winter 2025,Magic Hour,&TEAM,45,"87,719",,,,,,
Flower and Asura - Jibun Kakumei by SHISHAMO [amq-79091].webm,easy,easy,"Hana wa Saku, Shura no Gotoku",Flower and Asura,Winter 2025,Jibun Kakumei,SHISHAMO,34,"87,936",,,,,,
Unnamed Memory - Unsung ballad by TRUE [amq-79093].webm,easy,easy,Unnamed Memory,Unnamed Memory,Winter 2025,Unsung ballad,TRUE,27,"88,936",,,,,,
"Even Given the Worthless Appraiser Class, I'm Actually the Strongest - Crescendo by ASTERISM [amq-79110].webm",easy,easy,"Fuguushoku ""Kanteishi"" ga Jitsu wa Saikyou Datta","Even Given the Worthless ""Appraiser"" Class, I'm Actually the Strongest",Winter 2025,Crescendo,ASTERISM,23,"88,811",,,,,,
Magic Maker How to Make Magic in Another World - Kirameki by XIIX [amq-79096].webm,easy,easy,Magic Maker: Isekai Mahou no Tsukurikata,Magic Maker: How to Make Magic in Another World,Winter 2025,Kirameki,XIIX,27,"89,015",,,,,,
Witchy Precure!! Mirai Days - Dokkin♢Mahoutsukai Precure!! Part3~MIRAI DAYS~ by Rie Kitagawa [amq-79141].webm,easy,easy,Mahoutsukai Precure!!: Mirai Days,Witchy Precure!!: Mirai Days,Winter 2025,Dokkin♢Mahoutsukai Precure!! Part3~MIRAI DAYS~,Rie Kitagawa,36,"89,179",,,,,,
Medalist - BOW AND ARROW by Kenshi Yonezu [amq-79134].webm,hard,hard,Medalist,Medalist,Winter 2025,BOW AND ARROW,Kenshi Yonezu,64,"87,677",,,,,,
"I May Be a Guild Receptionist, but I'll Solo Any Boss to Clock Out on Time - Perfect Day by 310 [amq-79123].webm",medium,medium,"Guild no Uketsuke Jou desu ga, Zangyou wa Iya nanode Boss o Solo Toubatsu Shiyou to Omoimasu","I May Be a Guild Receptionist, but I'll Solo Any Boss to Clock Out on Time",Winter 2025,Perfect Day,310,43,"87,015",,,,,,
UniteUp! Uni Birth - Uni Birth by UniteUp! [amq-79171].webm,easy,easy,UniteUp!: Uni:Birth,UniteUp!: Uni:Birth,Winter 2025,Uni:Birth,UniteUp!,29,"89,104",,,,,,
Toilet-Bound Hanako-kun Season 2 - L'oN by Masayoshi Oishi [amq-79150].webm,easy,easy,Jibaku Shounen Hanako-kun 2,Toilet-Bound Hanako-kun Season 2,Winter 2025,L'oN,Masayoshi Oishi,37,"89,304",,,,,,
"Welcome to Japan, Ms. Elf! - Palette Days by Rico Sasaki [amq-79121].webm",easy,easy,Nihon e Youkoso Elf-san.,"Welcome to Japan, Ms. Elf!",Winter 2025,Palette Days,Rico Sasaki,30,"88,353",,,,,,
Mashin Creator Wataru - POP UP! by lol [amq-79148].webm,easy,easy,Mashin Souzouden Wataru,Mashin Creator Wataru,Winter 2025,POP UP!,lol,21,"87,975",,,,,,
Mashin Creator Wataru - Sou by SANTA [amq-79528].webm,easy,easy,Mashin Souzouden Wataru,Mashin Creator Wataru,Winter 2025,Sou,SANTA,22,"88,762",,,,,,
I'm Living with an Otaku NEET Kunoichi! - Neet In Jam🍓 by REAL AKIBA BOYZ loves Shoko Nakagawa [amq-79137].webm,easy,easy,NEET Kunoichi to Nazeka Dousei Hajimemashita,I'm Living with an Otaku NEET Kunoichi!?,Winter 2025,Neet In Jam🍓,REAL AKIBA BOYZ loves Shoko Nakagawa,34,"58,907",,,,,,
Ubel Blatt - Zainin by GARNiDELiA [amq-79127].webm,easy,easy,Übel Blatt,Übel Blatt,Winter 2025,Zainin,GARNiDELiA,33,"89,262",,,,,,
Baban Baban Ban Vampire - Bloody Liar by BLUE ENCOUNT [amq-79138].webm,easy,easy,Baban Baban Ban Vampire,Baban Baban Ban Vampire,Winter 2025,Bloody Liar,BLUE ENCOUNT,25,"88,777",,,,,,
The Apothecary Diaries - Hyakka Ryouran by Lilas Ikuta [amq-79119].webm,hard,hard,Kusuriya no Hitorigoto,The Apothecary Diaries,Winter 2025,Hyakka Ryouran,Lilas Ikuta,60,"89,519",,,,,,
The Apothecary Diaries - Kusushiki by Mrs. GREEN APPLE [amq-79486].webm,medium,medium,Kusuriya no Hitorigoto,The Apothecary Diaries,Winter 2025,Kusushiki,Mrs. GREEN APPLE,53,"89,435",,,,,,
Sakamoto Days - Hashire SAKAMOTO by Vaundy [amq-79139].webm,medium,medium,Sakamoto Days,Sakamoto Days,Winter 2025,Hashire SAKAMOTO,Vaundy,51,"89,604",,,,,,
I Left My A-Rank Party to Help My Former Students Reach the Dungeon Depths! - Enter by L.E.I. [amq-79143].webm,easy,easy,"A-Rank Party o Ridatsu Shita Ore wa, Moto Oshiego-tachi to Meikyuu Shinbu o Mezasu.",I Left My A-Rank Party to Help My Former Students Reach the Dungeon Depths!,Winter 2025,Enter,L.E.I.,30,"89,436",,,,,,
Cardfight!! Vanguard Divinez Deluxe Arc - Meramera by Kis-My-Ft2 [amq-79131].webm,easy,easy,Cardfight!! Vanguard Divinez Deluxe-hen,Cardfight!! Vanguard Divinez Deluxe Arc,Winter 2025,Meramera,Kis-My-Ft2,28,"89,104",,,,,,
Farmagia - Life is Beautiful by ASIAN KUNG-FU GENERATION [amq-79125].webm,easy,easy,Farmagia,Farmagia,Winter 2025,Life is Beautiful,ASIAN KUNG-FU GENERATION,30,"89,394",,,,,,
"The 100 Girlfriends Who Really, Really, Really, Really, REALLY Love You - Arigato, Daisuki ni Natte Kurete by Rentarou Family [amq-79156].webm",hard,hard,Kimi no Koto ga Daidaidaidaidaisuki na 100-nin no Kanojo,"The 100 Girlfriends Who Really, Really, Really, Really, REALLY Love You",Winter 2025,"Arigato, Daisuki ni Natte Kurete",Rentarou Family,62,"88,436",,,,,,
Zenshu - Zen by BAND-MAID [amq-79153].webm,medium,medium,Zenshu,Zenshu,Winter 2025,Zen,BAND-MAID,43,"89,638",,,,,,
Kinnikuman Perfect Origin Arc - Kinnikuman Eiyuu by Masaaki Endoh [amq-79154].webm,easy,easy,Kinnikuman: Perfect Origin-hen,Kinnikuman: Perfect Origin Arc,Winter 2025,Kinnikuman Eiyuu,Masaaki Endoh,29,"89,679",,,,,,
Ishura - True Peak by Mayu Maeshima [amq-79163].webm,easy,easy,Ishura,Ishura,Winter 2025,True Peak,Mayu Maeshima,33,"89,435",,,,,,
The Daily Life of a Middle-Aged Online Shopper in Another World - GIVE & TAKE by Asaka [amq-79166].webm,easy,easy,Arafou Otoko no Isekai Tsuuhan,The Daily Life of a Middle-Aged Online Shopper in Another World,Winter 2025,GIVE & TAKE,Asaka,27,"88,894",,,,,,
The Red Ranger Becomes an Adventurer in Another World - Cuz I by Hikaru Makishima [amq-79175].webm,easy,easy,Sentai Red Isekai de Boukensha ni Naru,The Red Ranger Becomes an Adventurer in Another World,Winter 2025,Cuz I,Hikaru Makishima,29,"89,131",,,,,,
The Red Ranger Becomes an Adventurer in Another World - Saa Ikou! Kizuna Five by Ryusei [amq-79371].webm,easy,easy,Sentai Red Isekai de Boukensha ni Naru,The Red Ranger Becomes an Adventurer in Another World,Winter 2025,Saa Ikou! Kizuna Five,Ryusei,35,"43,794",,,,,,
You and Idol Precure - Kimi to Idol Precure♪ Light Up! by Chihaya Yoshitake・Ami Ishii・Akane Kumada [amq-79225].webm,medium,medium,Kimi to Idol Precure♪,You and Idol Precure,Winter 2025,Kimi to Idol Precure♪ Light Up!,Chihaya Yoshitake・Ami Ishii・Akane Kumada,42,"88,555",,,,,,
"You and Idol Precure - Kimi to Idol Precure♪ Light Up! ReMix for You and Idol Precure♪ by Misato Matsuoka, Minami Takahashi, Natsumi Takamori, Yoshino Nanjo, Miharu Hanai [amq-80683].webm",easy,easy,Kimi to Idol Precure♪,You and Idol Precure,Winter 2025,Kimi to Idol Precure♪ Light Up! ReMix for You and Idol Precure♪,"Misato Matsuoka, Minami Takahashi, Natsumi Takamori, Yoshino Nanjo, Miharu Hanai",39,"88,108",,,,,,
Lockdown Zone Level X - LUCID DREAM by SG [amq-78455].webm,easy,easy,Kankin Kuiki Level X,Lockdown Zone: Level X,Winter 2025,LUCID DREAM,SG,25,"89,029",,,,,,
Re Zero Starting Life in Another World - Reweave by Konomi Suzuki [amq-78740].webm,hard,hard,Re:Zero kara Hajimeru Isekai Seikatsu,Re:Zero: Starting Life in Another World,Winter 2025,Reweave,Konomi Suzuki,69,"88,720",,,,,,
Transformers Wild King - Wild King by NAO ANNO [amq-79425].webm,easy,easy,Transformers: Wild King,Transformers: Wild King,Winter 2025,Wild King,NAO ANNO,28,"30,772",,,,,,
Ringing Fate - Risoukyou by ICEx [amq-81123].webm,easy,easy,Ringing Fate,Ringing Fate,Winter 2025,Risoukyou,ICEx,13,"89,186",,,,,,
Fire Force Season 3 - Tsuyobi by Ziyoou-vachi [amq-79489].webm,medium,medium,Enen no Shouboutai: San no Shou,Fire Force Season 3,Spring 2025,Tsuyobi,Ziyoou-vachi,48,"88,975",,,,,,
Miru Paths To My Future - Ai Uta by V.W.P [amq-79477].webm,easy,easy,Miru: Watashi no Mirai,Miru: Paths To My Future,Spring 2025,Ai Uta,V.W.P,30,"88,812",,,,,,
Your Forma - GRIDOUT by yama [amq-79472].webm,easy,easy,Your Forma,Your Forma,Spring 2025,GRIDOUT,yama,34,"87,644",,,,,,
Yaiba Samurai Legend - BLADE by BLUE ENCOUNT [amq-79494].webm,easy,easy,Shin Samurai-den Yaiba,Yaiba: Samurai Legend,Spring 2025,BLADE,BLUE ENCOUNT,32,"89,596",,,,,,
Guilty Gear Strive Dual Rulers - AXCLUSION by ulma sound junction [amq-79503].webm,easy,easy,Guilty Gear Strive: Dual Rulers,Guilty Gear Strive: Dual Rulers,Spring 2025,AXCLUSION,ulma sound junction,29,"88,715",,,,,,
Wind Breaker Season 2 - BOYZ by SixTONES [amq-79480].webm,easy,easy,Wind Breaker Season 2,Wind Breaker Season 2,Spring 2025,BOYZ,SixTONES,38,"88,645",,,,,,
Classic★Stars - Singularist by Yuuma Uchida [amq-79508].webm,easy,easy,Classic★Stars,Classic★Stars,Spring 2025,Singularist,Yuuma Uchida,37,"89,679",,,,,,
Black Butler Emerald Witch Arc - MAISIE Produced by HYDE by Co shu Nie [amq-79498].webm,easy,easy,Kuroshitsuji: Midori no Majo-hen,Black Butler: Emerald Witch Arc,Spring 2025,MAISIE Produced by HYDE,Cö shu Nie,38,"117,254",,,,,,
From Old Country Bumpkin to Master Swordsman - HEROES by Takanori Nishikawa [amq-79506].webm,easy,easy,"Katainaka no Ossan, Kensei ni Naru",From Old Country Bumpkin to Master Swordsman,Spring 2025,HEROES,Takanori Nishikawa,30,"89,187",,,,,,
Witch Watch - Watch me! by YOASOBI [amq-79518].webm,hard,hard,Witch Watch,Witch Watch,Spring 2025,Watch me!,YOASOBI,62,"88,936",,,,,,
Witch Watch - Tokihanate! by Hashimero [amq-79921].webm,medium,medium,Witch Watch,Witch Watch,Spring 2025,Tokihanate!,Hashimero,41,"89,186",,,,,,
Witch Watch - Bitter end by Who-ya Extended [amq-80005].webm,easy,easy,Witch Watch,Witch Watch,Spring 2025,Bitter end,Who-ya Extended,31,"90,062",,,,,,
Uma Musume Cinderella Gray - Koeru by [Alexandros] [amq-79516].webm,medium,medium,Uma Musume: Cinderella Gray,Uma Musume: Cinderella Gray,Spring 2025,Koeru,[Alexandros],56,"89,062",,,,,,
SHOSHIMIN How to Become Ordinary - Kaseijin by Yorushika [amq-79510].webm,medium,medium,Shoushimin Series,SHOSHIMIN: How to Become Ordinary,Spring 2025,Kaseijin,Yorushika,45,"87,134",,,,,,
Kowloon Generic Romance - Summertime Ghost by Wednesday Campanella [amq-79496].webm,medium,medium,Kowloon Generic Romance,Kowloon Generic Romance,Spring 2025,Summertime Ghost,Wednesday Campanella,47,"89,748",,,,,,
The Unaware Atelier Master - FACSTORY by MeseMoa. [amq-79443].webm,easy,easy,"Kanchigai no Atelier Meister: Eiyuu Party no Moto Zatsuyou-Gakari ga, Jitsu wa Sentou Igai ga SSS Rank Datta to Iu Yoku Aru Hanashi",The Unaware Atelier Master,Spring 2025,FACSTORY,MeseMoa.,23,"89,304",,,,,,
The Beginning After The End - KINGSBLOOD by KALA [amq-79470].webm,easy,easy,"Saikyou no Ousama, Nidome no Jinsei wa Nani o Suru?",The Beginning After The End,Spring 2025,KINGSBLOOD,KALA,33,"88,228",,,,,,
I'm the Evil Lord of an Intergalactic Empire! - Uchuu-teki MYSTERY by Saishu Mirai Shoujo [amq-79512].webm,easy,easy,Ore wa Seikan Kokka no Akutoku Ryoushu!,I'm the Evil Lord of an Intergalactic Empire!,Spring 2025,Uchuu-teki MYSTERY,Saishu Mirai Shoujo,26,"89,221",,,,,,
The Catcher in the Ballpark! - Hurray!! by GENIC [amq-79447].webm,easy,easy,Ballpark de Tsukamaete!,The Catcher in the Ballpark!,Spring 2025,Hurray!!,GENIC,33,"87,519",,,,,,
Himitsu no AiPri - Ring Ring Ring feat. Himari by P-Maru-sama. feat. Minori Fujidera [amq-79519].webm,medium,medium,Himitsu no AiPri,Himitsu no AiPri,Spring 2025,Ring Ring Ring feat. Himari,P-Maru-sama. feat. Minori Fujidera,43,"89,604",,,,,,
Himitsu no AiPri - Dokidoki Kirameki Buzzrium by P-Maru-sama. [amq-80834].webm,easy,easy,Himitsu no AiPri,Himitsu no AiPri,Spring 2025,Dokidoki Kirameki Buzzrium,P-Maru-sama.,33,"88,845",,,,,,
The Dinner Table Detective - MONTAGE by Kento Nakajima [amq-79490].webm,easy,easy,Nazotoki wa Dinner no Ato de,The Dinner Table Detective,Spring 2025,MONTAGE,Kento Nakajima,32,"88,061",,,,,,
Everyday Host - Everyday Host by EbuHosu Players [amq-79497].webm,medium,medium,Everyday Host,Everyday Host,Spring 2025,Everyday Host,EbuHosu Players,51,"28,955",,,,,,
Everyday Host - Everyday Host by EbuHosu Players with Sho Kiryuin [amq-80770].webm,easy,easy,Everyday Host,Everyday Host,Spring 2025,Everyday Host,EbuHosu Players with Sho Kiryuin,39,"29,375",,,,,,
Sai-Kyo-Oh! Zukan The Ultimate Tournament - Shouri no Uta ~Saikyou Muteki Number One~ by ROF-MAO [amq-79522].webm,easy,easy,Sai-Kyo-Oh! Zukan: The Ultimate Tournament,Sai-Kyo-Oh! Zukan: The Ultimate Tournament,Spring 2025,Shouri no Uta ~Saikyou Muteki Number One~,ROF-MAO,25,"88,637",,,,,,
To Be Hero X - INERTIA by SawanoHiroyuki[nZk] Rei [amq-79602].webm,hard,hard,To Be Hero X,To Be Hero X,Spring 2025,INERTIA,SawanoHiroyuki[nZk]:Rei,60,"102,776",,,,,,
To Be Hero X - INERTIA by SawanoHiroyuki[nZk] Rei & SennaRin [amq-80716].webm,hard,hard,To Be Hero X,To Be Hero X,Spring 2025,INERTIA,SawanoHiroyuki[nZk]:Rei & SennaRin,63,"90,175",,,,,,
ZatsuTabi That's Journey - Tabi Shiyo! don't you by harmoe [amq-79535].webm,easy,easy,ZatsuTabi: That's Journey,ZatsuTabi: That's Journey,Spring 2025,Tabi Shiyo! don't you?,harmoe,29,"88,015",,,,,,
Hana-Doll Reinterpretation of Flowering - Clockwork Flowers by Anthos [amq-79608].webm,easy,easy,Hana-Doll*: Reinterpretation of Flowering,Hana-Doll*: Reinterpretation of Flowering,Spring 2025,Clockwork Flowers,Anthos,22,"89,513",,,,,,
Lazarus - Dark Will Fall by Bonobo feat. Jacob Lusk [amq-79569].webm,medium,medium,Lazarus,Lazarus,Spring 2025,Dark Will Fall,Bonobo feat. Jacob Lusk,42,"66,980",,,,,,
Lazarus - Vortex by Kamasi Washington [amq-79587].webm,medium,medium,Lazarus,Lazarus,Spring 2025,Vortex,Kamasi Washington,43,"89,304",,,,,,
Kakushite! Makina-san!! - Ie de Yeah! tte Agetiger by Serena Kozuki [amq-79529].webm,easy,easy,Kakushite! Makina-san!!,Kakushite! Makina-san!!,Spring 2025,Ie de Yeah! tte Agetiger,Serena Kozuki,33,"88,895",,,,,,
Princession Orchestra - Zettai Utahime Sengen! by ORCHERIA [amq-79585].webm,medium,medium,Princession Orchestra,Princession Orchestra,Spring 2025,Zettai Utahime Sengen!,ORCHERIA,50,"88,762",,,,,,
Princession Orchestra - FUTURE SESSION by ORCHERIA [amq-80942].webm,medium,medium,Princession Orchestra,Princession Orchestra,Spring 2025,FUTURE SESSION,ORCHERIA,46,"89,020",,,,,,
Princession Orchestra - FUTURE SESSION -Ver. Constellation- by ORCHERIA [amq-81484].webm,medium,medium,Princession Orchestra,Princession Orchestra,Spring 2025,FUTURE SESSION -Ver. Constellation-,ORCHERIA,51,"88,770",,,,,,
Once Upon a Witch's Death - Drops by Maaya Sakamoto [amq-79545].webm,easy,easy,Aru Majo ga Shinu made,Once Upon a Witch's Death,Spring 2025,Drops,Maaya Sakamoto,37,"88,794",,,,,,
"Please Put Them On, Takamine-san - Baby Baby Baby by Masami Okui with Bonjour Suzuki [amq-79550].webm",medium,medium,"Haite Kudasai, Takamine-san","Please Put Them On, Takamine-san",Spring 2025,Baby Baby Baby,Masami Okui with Bonjour Suzuki,42,"88,995",,,,,,
Aharen-san wa Hakarenai Season 2 - Binetsuma by Zutto Mayonaka de Ii no ni. [amq-79533].webm,easy,easy,Aharen-san wa Hakarenai Season 2,Aharen-san wa Hakarenai Season 2,Spring 2025,Binetsuma,Zutto Mayonaka de Ii no ni.,39,"88,762",,,,,,
Maebashi Witches - Sugosugi Maebashi Witches! by Maebashi Witches [amq-79586].webm,medium,medium,Maebashi Witches,Maebashi Witches,Spring 2025,Sugosugi Maebashi Witches!,Maebashi Witches,50,"87,015",,,,,,
The Gorilla God's Go-To Girl - Illuminate by Shugo Nakamura [amq-79525].webm,easy,easy,Gorilla no Kami kara Kago Sareta Reijou wa Ouritsu Kishidan de Kawaigareru,The Gorilla God's Go-To Girl,Spring 2025,Illuminate,Shugo Nakamura,27,"88,974",,,,,,
"The Mononoke Lecture Logs of Chuzenji-sensei He Just Solves All the Mysteries - Kanojo wa Ima, Meikyuu no Naka. by HoneyWorks feat. KAF [amq-79537].webm",easy,easy,Chuuzenji-sensei Mononoke Kougiroku: Sensei ga Nazo o Toite Shimaukara.,The Mononoke Lecture Logs of Chuzenji-sensei: He Just Solves All the Mysteries,Spring 2025,"Kanojo wa Ima, Meikyuu no Naka.",HoneyWorks feat. KAF,29,"87,719",,,,,,
The Too-Perfect Saint Tossed Aside by My Fiance and Sold To Another Kingdom - Ai Toka. by Riria. [amq-79549].webm,easy,easy,Kanpeki Sugite Kawaige ga Nai to Konyaku Haki Sareta Seijo wa Ringoku ni Urareru,The Too-Perfect Saint: Tossed Aside by My Fiancé and Sold To Another Kingdom,Spring 2025,Ai Toka.,Riria.,33,"87,935",,,,,,
Uchuujin MuuMuu - Fushigi na Kimi by Saba Sister [amq-79552].webm,easy,easy,Uchuujin MuuMuu,Uchuujin MuuMuu,Spring 2025,Fushigi na Kimi,Saba Sister,20,"89,521",,,,,,
Uchuujin MuuMuu - MOVE MOVE by Ako [amq-79995].webm,easy,easy,Uchuujin MuuMuu,Uchuujin MuuMuu,Spring 2025,MOVE MOVE,Ako,22,"88,975",,,,,,
Mobile Suit Gundam GQuuuuuuX - Plazma by Kenshi Yonezu [amq-79605].webm,medium,medium,Kidou Senshi Gundam GQuuuuuuX,Mobile Suit Gundam GQuuuuuuX,Spring 2025,Plazma,Kenshi Yonezu,54,"89,353",,,,,,
My Hero Academia Vigilantes - Kekka Orai by Kocchi no Kento [amq-79540].webm,hard,hard,Vigilante: Boku no Hero Academia Illegals,My Hero Academia: Vigilantes,Spring 2025,Kekka Orai,Kocchi no Kento,60,"89,014",,,,,,
I've Been Killing Slimes For 300 Years And Maxed Out My Level Season 2 - So☆Lucky by Yui Ogura [amq-79578].webm,easy,easy,"Slime Taoshite 300-nen, Shiranai Uchi ni Level Max ni Nattemashita: Sono Ni",I've Been Killing Slimes For 300 Years And Maxed Out My Level Season 2,Spring 2025,So☆Lucky,Yui Ogura,38,"89,104",,,,,,
"Can a Boy-Girl Friendship Survive - Shitsumon, Koi tte Nan Deshou ka by HoneyWorks feat. HaKoniwalily [amq-79570].webm",medium,medium,"Danjo no Yuujou wa Seiritsu Suru? (Iya, Shinai!!)",Can a Boy-Girl Friendship Survive?,Spring 2025,"Shitsumon, Koi tte Nan Deshou ka?",HoneyWorks feat. HaKoniwalily,41,"89,395",,,,,,
The Brilliant Healer's New Life in the Shadows - Light Maker by bokula. [amq-79557].webm,easy,easy,"Isshun de Chiryou Shiteita no ni Yakutatazu to Tsuihou Sareta Tensai Chiyushi, Yami Healer to Shite Tanoshiku Ikiru",The Brilliant Healer's New Life in the Shadows,Spring 2025,Light Maker,bokula.,26,"88,339",,,,,,
Teogonia - Shoudou by Emi Noda [amq-79574].webm,easy,easy,Teogonia,Teogonia,Spring 2025,Shoudou,Emi Noda,24,"88,261",,,,,,
A Ninja and an Assassin Under One Roof - Yaren no Endless by Kana Hanazawa [amq-79559].webm,medium,medium,Ninja to Koroshiya no Futarigurashi,A Ninja and an Assassin Under One Roof,Spring 2025,Yaren no? Endless,Kana Hanazawa,42,"88,394",,,,,,
Rock is a Lady's Modesty - Ready to Rock by BAND-MAID [amq-79562].webm,medium,medium,Rock wa Lady no Tashinamideshite,Rock is a Lady's Modesty,Spring 2025,Ready to Rock,BAND-MAID,53,"89,521",,,,,,
"Bye Bye, Earth - Aufheben by Who-ya Extended [amq-79573].webm",easy,easy,"Bye Bye, Earth","Bye Bye, Earth",Spring 2025,Aufheben,Who-ya Extended,28,"89,638",,,,,,
#Compass 2.0 Animation Project - Hakudou by Nana Mizuki [amq-79594].webm,easy,easy,#Compass 2.0: Sentou Setsuri Kaiseki System,#Compass 2.0 Animation Project,Spring 2025,Hakudou,Nana Mizuki,33,"89,937",,,,,,
Summer Pockets - ALKATALE by Konomi Suzuki [amq-79591].webm,medium,medium,Summer Pockets,Summer Pockets,Spring 2025,ALKATALE,Konomi Suzuki,50,"89,478",,,,,,
Summer Pockets - FINISTELLER by Konomi Suzuki [amq-80442].webm,medium,medium,Summer Pockets,Summer Pockets,Spring 2025,FINISTELLER,Konomi Suzuki,40,"87,177",,,,,,
Go! Go! Loser Ranger! - Maji de Sekai Kaechau 5-byou Mae by ORANGE RANGE [amq-79582].webm,medium,medium,Sentai Daishikkaku,Go! Go! Loser Ranger!,Spring 2025,Maji de Sekai Kaechau 5-byou Mae,ORANGE RANGE,47,"87,135",,,,,,
Food for the Soul - Sonna Mon ne by asmi [amq-79580].webm,easy,easy,Hibi wa Sugiredo Meshi Umashi,Food for the Soul,Spring 2025,Sonna Mon ne,asmi,37,"89,304",,,,,,
Sword of the Demon Hunter - Continue by NEE [amq-79597].webm,easy,easy,Kijin Gentoushou,Sword of the Demon Hunter,Spring 2025,Continue,NEE,25,"88,055",,,,,,
Sword of the Demon Hunter - Ash by [Alexandros] [amq-80101].webm,easy,easy,Kijin Gentoushou,Sword of the Demon Hunter,Spring 2025,Ash,[Alexandros],26,"88,975",,,,,,
The Shiunji Family Children - Honey Lemon by NACHERRY [amq-79599].webm,easy,easy,Shiunji-ke no Kodomo-tachi,The Shiunji Family Children,Spring 2025,Honey Lemon,NACHERRY,34,"88,720",,,,,,
Apocalypse Hotel - skirt by aiko [amq-79603].webm,medium,medium,Apocalypse Hotel,Apocalypse Hotel,Spring 2025,skirt,aiko,44,"89,516",,,,,,
Yandere Dark Elf She Chased Me All the Way From Another World! - Omoi Ai by HATENKO-FOOFU [amq-79609].webm,easy,easy,Chotto Dake Ai ga Omoi Dark Elf ga Isekai Kara Oikakete Kita,Yandere Dark Elf: She Chased Me All the Way From Another World!,Spring 2025,Omoi Ai,HATENKO-FOOFU,23,"59,282",,,,,,
Mono - Many Merry Memories! by Cinephoto-bu [amq-79623].webm,medium,medium,Mono,Mono,Spring 2025,Many Merry Memories!,Cinephoto-bu,40,"88,645",,,,,,
Anne Shirley - Yokan by Tota [amq-79620].webm,easy,easy,Anne Shirley,Anne Shirley,Spring 2025,Yokan,Tota,37,"87,644",,,,,,
Shuukan Ranobe Anime - Hajimari no Aizu by Chihaya Yoshitake [amq-80090].webm,easy,easy,Shuukan Ranobe Anime,Shuukan Ranobe Anime,Spring 2025,Hajimari no Aizu,Chihaya Yoshitake,18,"89,262",,,,,,
Go! Go! Vehicle Zoo Vehicle Star-hen - Go! Go! Vehicle Zoo no Uta by Tomoko Sasaki [amq-74055].webm,easy,easy,Go! Go! Vehicle Zoo: Vehicle Star-hen,Go! Go! Vehicle Zoo: Vehicle Star-hen,Spring 2025,Go! Go! Vehicle Zoo no Uta,Tomoko Sasaki,26,"59,794",,,,,,
Don't Give Up! - Brand New Day by LEEVELLES [amq-81088].webm,easy,easy,Kono Koi de Hanaji o Tomete,Don't Give Up!,Spring 2025,Brand New Day,LEEVELLES,8,"89,975",,,,,,
Detectives These Days Are Crazy! - Suffer by Taiiku Okazaki [amq-79951].webm,easy,easy,Mattaku Saikin no Tantei to Kitara,Detectives These Days Are Crazy!,Summer 2025,Suffer,Taiiku Okazaki,37,"88,937",,,,,,
Takopi's Original Sin - Happy Lucky Chappy by ano [amq-79914].webm,medium,medium,Takopii no Genzai,Takopi's Original Sin,Summer 2025,Happy Lucky Chappy,ano,59,"67,275",,,,,,
New Saga - Enja by 4s4ki [amq-80050].webm,easy,easy,Tsuyokute New Saga,New Saga,Summer 2025,Enja,4s4ki,28,"89,975",,,,,,
April Showers Bring May Flowers - BLOOM by TWS feat. Ayumu Imazu [amq-79959].webm,easy,easy,Busu ni Hanataba o.,April Showers Bring May Flowers,Summer 2025,BLOOM,TWS feat. Ayumu Imazu,27,"88,303",,,,,,
Watari-kun's is About to Collapse - Yuurei ni Naritai by 'Yuika' [amq-79997].webm,easy,easy,Watari-kun no ×× ga Houkai Sunzen,Watari-kun's ****** is About to Collapse,Summer 2025,Yuurei ni Naritai,'Yuika',26,"86,885",,,,,,
Watari-kun's is About to Collapse - Futaribun by shallm [amq-80798].webm,easy,easy,Watari-kun no ×× ga Houkai Sunzen,Watari-kun's ****** is About to Collapse,Summer 2025,Futaribun,shallm,29,"89,395",,,,,,
"Reborn as a Vending Machine, I Now Wander the Dungeon Season 2 - Mirai Cider by BRADIO [amq-79969].webm",medium,medium,Jidou Hanbaiki ni Umarekawatta Ore wa Meikyuu o Samayou 2nd Season,"Reborn as a Vending Machine, I Now Wander the Dungeon Season 2",Summer 2025,Mirai Cider,BRADIO,41,"89,475",,,,,,
Private Tutor to the Duke's Daughter - Wish for you by Ami Maeshima [amq-79985].webm,easy,easy,Koujo Denka no Kateikyoushi,Private Tutor to the Duke's Daughter,Summer 2025,Wish for you,Ami Maeshima,29,"89,554",,,,,,
Kamitsubaki City Under Construction - Utahime by V.W.P -Virtual Witch Phenomenon- [amq-79974].webm,easy,easy,Kamitsubaki-shi Kensetsuchuu.,Kamitsubaki City Under Construction,Summer 2025,Utahime,V.W.P -Virtual Witch Phenomenon-,38,"88,868",,,,,,
Kamitsubaki City Under Construction - Itami o by KAF [amq-80080].webm,medium,medium,Kamitsubaki-shi Kensetsuchuu.,Kamitsubaki City Under Construction,Summer 2025,Itami o,KAF,47,"55,716",,,,,,
The Rising of the Shield Hero Season 4 - Resolution by MADKID [amq-80045].webm,medium,medium,Tate no Yuusha no Nariagari Season 4,The Rising of the Shield Hero Season 4,Summer 2025,Resolution,MADKID,50,"89,477",,,,,,
Night of the Living Cat - CAT CITY by THE YELLOW MONKEY [amq-80019].webm,easy,easy,Night of the Living Cat,Night of the Living Cat,Summer 2025,CAT CITY,THE YELLOW MONKEY,29,"89,186",,,,,,
Call of the Night Season 2 - Mirage by Creepy Nuts [amq-80002].webm,hard,hard,Yofukashi no Uta Season 2,Call of the Night Season 2,Summer 2025,Mirage,Creepy Nuts,74,"86,975",,,,,,
Arknights Rise from Ember - End of Days by ReoNa [amq-80071].webm,medium,medium,Arknights: Enshin Shomei/Rise from Ember,Arknights: Rise from Ember,Summer 2025,End of Days,ReoNa,43,"88,136",,,,,,
Tougen Anki - OVERNIGHT by THE ORAL CIGARETTES [amq-80068].webm,easy,easy,Tougen Anki,Tougen Anki,Summer 2025,OVERNIGHT,THE ORAL CIGARETTES,33,"86,755",,,,,,
Tougen Anki - Amidakuji by Chogakusei [amq-80800].webm,easy,easy,Tougen Anki,Tougen Anki,Summer 2025,Amidakuji,Chogakusei,36,"89,520",,,,,,
The Summer Hikaru Died - Saikai by Vaundy [amq-80093].webm,medium,medium,Hikaru ga Shinda Natsu,The Summer Hikaru Died,Summer 2025,Saikai,Vaundy,45,"87,677",,,,,,
9 Ruler's Crown - ResoNAnce by ARAKI [amq-79954].webm,easy,easy,9: Ruler's Crown,9: Ruler's Crown,Summer 2025,ResoNAnce,ARAKI,33,"89,555",,,,,,
Mr. Osomatsu - Osomatsu-san no Bombashe! by DA PUMP [amq-80040].webm,medium,medium,Osomatsu-san,Mr. Osomatsu,Summer 2025,Osomatsu-san no Bombashe!,DA PUMP,41,"89,353",,,,,,
Apocalypse Bringer Mynoghra World Conquest Starts with the Civilization of Ruin - Majestic Catastrophe by Rico Sasaki [amq-80009].webm,easy,easy,Isekai Mokushiroku Mynoghra: Hametsu no Bunmei de Hajimeru Sekai Seifuku,Apocalypse Bringer Mynoghra: World Conquest Starts with the Civilization of Ruin,Summer 2025,Majestic Catastrophe,Rico Sasaki,39,"88,975",,,,,,
Bad Girl - Super Big Love! by Tenrou-gun [amq-79957].webm,easy,easy,Bad Girl,Bad Girl,Summer 2025,Super Big Love!,Tenrou-gun,37,"89,104",,,,,,
Clevatess - Ruler by Mayu Maeshima [amq-80043].webm,easy,easy,Clevatess: Majuu no Ou to Akago to Shikabane no Yuusha,Clevatess,Summer 2025,Ruler,Mayu Maeshima,39,"89,229",,,,,,
Dealing with Mikadono Sisters Is a Breeze - Kimi ni Fusawashii Kiseki by Nichiyoubi no MAISONdes [amq-80054].webm,easy,easy,"Mikadono San Shimai wa Angai, Choroi",Dealing with Mikadono Sisters Is a Breeze,Summer 2025,Kimi ni Fusawashii Kiseki,Nichiyoubi no MAISONdes,26,"89,679",,,,,,
New Panty & Stocking with Garterbelt - Theme of New PANTY & STOCKING by TeddyLoid & ☆Taku Takahashi with Ashley & E.V.P [amq-80145].webm,hard,hard,New Panty & Stocking with Garterbelt,New Panty & Stocking with Garterbelt,Summer 2025,Theme of New PANTY & STOCKING,TeddyLoid & ☆Taku Takahashi with Ashley & E.V.P,73,"28,877",,,,,,
Rent-a-Girlfriend - Umitsuki by ClariS [amq-80036].webm,medium,medium,"Kanojo, Okarishimasu",Rent-a-Girlfriend,Summer 2025,Umitsuki,ClariS,42,"89,521",,,,,,
Hell Teacher Jigoku Sensei Nube - POWER -Akuryou Taisan- by -Shintenchi Kaibyaku Shudan- Zigzag [amq-79971].webm,easy,easy,Jigoku Sensei Nube,Hell Teacher: Jigoku Sensei Nube,Summer 2025,POWER -Akuryou Taisan-,-Shintenchi Kaibyaku Shudan- Zigzag,28,"89,515",,,,,,
A Couple of Cuckoos Season 2 - Kimi ga Kureta Mono by asmi [amq-80034].webm,easy,easy,Kakkou no Iinazuke Season 2,A Couple of Cuckoos Season 2,Summer 2025,Kimi ga Kureta Mono,asmi,27,"89,679",,,,,,
Betrothed to My Sister's Ex - Gesshoku by krage [amq-80004].webm,easy,easy,Zutaboro Reijou wa Ane no Moto Konyakusha ni Dekiai sareru,Betrothed to My Sister's Ex,Summer 2025,Gesshoku,krage,30,"88,014",,,,,,
Scooped Up By an S-Ranked Adventurer - Junjou de Are. by Gakuto Kajiwara [amq-79999].webm,easy,easy,"Yuusha Party o Tsuihou Sareta Shiro Madoushi, S-Rank Boukensha ni Hirowareru: Kono Shiro Madoushi ga Kikakugai Sugiru",Scooped Up By an S-Ranked Adventurer,Summer 2025,Junjou de Are.,Gakuto Kajiwara,22,"87,719",,,,,,
Rascal Does Not Dream of Santa Claus - Snowdrop by Conton Candy [amq-79991].webm,medium,medium,Seishun Buta Yarou wa Santa Claus no Yume o Minai,Rascal Does Not Dream of Santa Claus,Summer 2025,Snowdrop,Conton Candy,40,"89,436",,,,,,
Secrets of the Silent Witch - Feel by Hitsujibungaku [amq-80069].webm,medium,medium,Silent Witch: Chinmoku no Majo no Kakushigoto,Secrets of the Silent Witch,Summer 2025,Feel,Hitsujibungaku,51,"89,847",,,,,,
With You and the Rain - Ame to by Mamiko Suzuki [amq-79955].webm,easy,easy,Ame to Kimi to,With You and the Rain,Summer 2025,Ame to,Mamiko Suzuki,37,"87,975",,,,,,
Cultural Exchange with a Game Centre Girl - Futari no Start Button by Sally Amaki & Reo Osanai [amq-80011].webm,easy,easy,GaCen Shoujo to Ibunka Kouryuu,Cultural Exchange with a Game Centre Girl,Summer 2025,Futari no Start Button,Sally Amaki & Reo Osanai,27,"88,555",,,,,,
Ruri Rocks - Hikari no Sumika by Rei Yasuda [amq-80023].webm,medium,medium,Ruri no Houseki,Ruri Rocks,Summer 2025,Hikari no Sumika,Rei Yasuda,46,"88,229",,,,,,
The Fragrant Flower Blooms With Dignity - Manazashi wa Hikari by Tatsuya Kitani [amq-79982].webm,medium,medium,Kaoru Hana wa Rin to Saku,The Fragrant Flower Blooms With Dignity,Summer 2025,Manazashi wa Hikari,Tatsuya Kitani,49,"89,020",,,,,,
Shinobanai! CryptoNinja Sakuya - CryptoNinja Sakuya by Nami Miyahara [amq-75558].webm,very hard,very hard,Shinobanai! CryptoNinja Sakuya,Shinobanai! CryptoNinja Sakuya,Summer 2025,CryptoNinja Sakuya,Nami Miyahara,84,"38,153",,,,,,
City the Animation - Hello by Furui Riho [amq-80016].webm,medium,medium,City the Animation,City the Animation,Summer 2025,Hello,Furui Riho,49,"89,020",,,,,,
Grand Blue Dreaming Season 2 - Seishun Towa by Shonan no Kaze feat. Atarashii Gakkou no Leaders [amq-80031].webm,hard,hard,Grand Blue Season 2,Grand Blue Dreaming Season 2,Summer 2025,Seishun Towa,Shonan no Kaze feat. Atarashii Gakkou no Leaders,62,"84,599",,,,,,
"With Vengeance, Sincerely, Your Broken Saintess - DiZZY by Reina Washio [amq-80048].webm",easy,easy,Kizu Darake Seijo Yori Houfuku o Komete,"With Vengeance, Sincerely, Your Broken Saintess",Summer 2025,DiZZY,Reina Washio,24,"89,296",,,,,,
Hotel Inhumans - Mr. Moonlight by imase [amq-80020].webm,easy,easy,Hotel Inhumans,Hotel Inhumans,Summer 2025,Mr. Moonlight,imase,25,"88,637",,,,,,
Dekin no Mogura The Earthbound Mole - Kamidanomi by syudou [amq-80013].webm,easy,easy,Dekin no Mogura,Dekin no Mogura: The Earthbound Mole,Summer 2025,Kamidanomi,syudou,32,"89,187",,,,,,
"Uglymug, Epicfighter - My Way by TEMPEST [amq-80014].webm",easy,easy,Busamen Gachi Fighter,"Uglymug, Epicfighter",Summer 2025,My Way,TEMPEST,28,"87,968",,,,,,
There's No Freaking Way I'll Be Your Lover! Unless... - Muri Muri Shinkaron by Akari Nanawo [amq-80042].webm,medium,medium,"Watashi ga Koibito ni Nareru Wake Nai jan, Muri Muri! (※Muri ja Nakatta!?)",There's No Freaking Way I'll Be Your Lover! Unless...,Summer 2025,Muri Muri Shinkaron,Akari Nanawo,49,"89,435",,,,,,
Necronomico and the Cosmic Horror Show - Kakushouron by Ryushen [amq-80038].webm,easy,easy,Necronomico no Cosmic Horror Show,Necronomico and the Cosmic Horror Show,Summer 2025,Kakushouron,Ryushen,23,"88,936",,,,,,
See You Tomorrow at the Food Court - Mikansei ni Matataite by Oisicle Melonpan [amq-80027].webm,easy,easy,"Food Court de, Mata Ashita.",See You Tomorrow at the Food Court,Summer 2025,Mikansei ni Matataite,Oisicle Melonpan,34,"88,228",,,,,,
Welcome to the Outcast's Restaurant! - Unique by Dannie May [amq-79994].webm,easy,easy,Tsuihousha Shokudou e Youkoso!,Welcome to the Outcast's Restaurant!,Summer 2025,Unique,Dannie May,24,"89,137",,,,,,
My Dress-Up Darling - Ao to Kirameki by Spira Spica [amq-80086].webm,medium,medium,Sono Bisque Doll wa Koi o Suru,My Dress-Up Darling,Summer 2025,Ao to Kirameki,Spira Spica,59,"89,517",,,,,,
Dandadan - Kakumei Douchuu by AiNA THE END [amq-79962].webm,hard,hard,Dandadan,Dandadan,Summer 2025,Kakumei Douchuu,AiNA THE END,72,"89,645",,,,,,
Fermat Kitchen - Maillard by OSHIKIKEIGO [amq-79966].webm,easy,easy,Fermat no Ryouri,Fermat Kitchen,Summer 2025,Maillard,OSHIKIKEIGO,28,"86,893",,,,,,
The Water Magician - Blue Motion by Meiyo Densetsu [amq-79987].webm,medium,medium,Mizu Zokusei no Mahoutsukai,The Water Magician,Summer 2025,Blue Motion,Meiyo Densetsu,41,"89,521",,,,,,
The Shy Hero and the Assassin Princesses - Tenden Barabara by Yoshino [amq-80084].webm,easy,easy,Kizetsu Yuusha to Ansatsu-hime,The Shy Hero and the Assassin Princesses,Summer 2025,Tenden Barabara,Yoshino,25,"89,262",,,,,,
Onmyo Kaiten Re Birth Verse - CRY OUT CRY OVER by Who-ya Extended [amq-79990].webm,easy,easy,Onmyou Kaiten Re:verse,Onmyo Kaiten Re:Birth Verse,Summer 2025,CRY OUT CRY OVER,Who-ya Extended,28,"89,302",,,,,,
Cute High Earth Defense Club Haikara! - Haikara de GO!! by Haikara Roman-dan [amq-80029].webm,medium,medium,Binan Koukou Chikyuu Bouei-bu Haikara!,Cute High Earth Defense Club Haikara!,Summer 2025,Haikara de GO!!,Haikara Roman-dan,41,"89,846",,,,,,
Sakamoto Days - Method by Kroi [amq-80089].webm,medium,medium,Sakamoto Days,Sakamoto Days,Summer 2025,Method,Kroi,43,"89,395",,,,,,
Dr. Stone Science Future - SUPERNOVA by KANA-BOON [amq-80063].webm,medium,medium,Dr. Stone: Science Future,Dr. Stone: Science Future,Summer 2025,SUPERNOVA,KANA-BOON,44,"89,596",,,,,,
Toilet-Bound Hanako-kun Season 2 - Kagome Kagome by Masayoshi Oishi [amq-80008].webm,medium,medium,Jibaku Shounen Hanako-kun 2,Toilet-Bound Hanako-kun Season 2,Summer 2025,Kagome Kagome,Masayoshi Oishi,42,"89,353",,,,,,
Cardfight!! Vanguard Divinez Deluxe Finals - Feathered Dreams by Morfonica [amq-79961].webm,easy,easy,Cardfight!! Vanguard Divinez Deluxe Kesshou-hen,Cardfight!! Vanguard Divinez Deluxe Finals,Summer 2025,Feathered Dreams,Morfonica,29,"88,828",,,,,,
Chibi Godzilla Raids Again - Kaijuu-tou by Wednesday Campanella [amq-79960].webm,easy,easy,Chibi Godzilla no Gyakushuu,Chibi Godzilla Raids Again,Summer 2025,Kaijuu-tou,Wednesday Campanella,30,"21,536",,,,,,
Chibi Godzilla Raids Again - Ano Hi no Madness by OKAMOTO'S [amq-82296].webm,easy,easy,Chibi Godzilla no Gyakushuu,Chibi Godzilla Raids Again,Summer 2025,Ano Hi no Madness,OKAMOTO'S,16,"21,288",,,,,,
Turkey! Time to Strike - Hyakunichisou by Nagano-ken Ikkoku-kan Koukou Bowling-bu [amq-80128].webm,easy,easy,Turkey!,Turkey! Time to Strike,Summer 2025,Hyakunichisou,Nagano-ken Ikkoku-kan Koukou Bowling-bu,28,"89,521",,,,,,
Turkey! Time to Strike - Hyakunichisou by Tokuraka no Hime-tachi [amq-80627].webm,easy,easy,Turkey!,Turkey! Time to Strike,Summer 2025,Hyakunichisou,Tokuraka no Hime-tachi,32,"89,795",,,,,,
Gachiakuta - HUGs by Paledusk [amq-80097].webm,medium,medium,Gachiakuta,Gachiakuta,Summer 2025,HUGs,Paledusk,50,"88,255",,,,,,
Gachiakuta - LET'S JUST CRASH by Mori Calliope [amq-80968].webm,medium,medium,Gachiakuta,Gachiakuta,Summer 2025,LET'S JUST CRASH,Mori Calliope,50,"89,262",,,,,,
I Was Reincarnated as the 7th Prince So I Can Take My Time Perfecting My Magical Ability Season 2 - CALLING† by Kaede Higuchi [amq-80146].webm,easy,easy,"Tensei shitara Dainana Ouji Datta node, Kimama ni Majutsu o Kiwamemasu 2nd Season",I Was Reincarnated as the 7th Prince So I Can Take My Time Perfecting My Magical Ability Season 2,Summer 2025,CALLING†,Kaede Higuchi,39,"87,596",,,,,,
Puniru is a Kawaii Slime - Brun-Brun by Yu Sasahara [amq-80094].webm,medium,medium,Puniru wa Kawaii Slime,Puniru is a Kawaii Slime,Summer 2025,Brun-Brun,Yu Sasahara,43,"88,678",,,,,,
Solo Camping for Two - Akari wa Tooku by Skirt [amq-80153].webm,easy,easy,Futari Solo Camp,Solo Camping for Two,Summer 2025,Akari wa Tooku,Skirt,27,"89,296",,,,,,
Solo Camping for Two - Futari de Iyouka by HOKUTO [amq-80786].webm,easy,easy,Futari Solo Camp,Solo Camping for Two,Summer 2025,Futari de Iyouka,HOKUTO,23,"89,479",,,,,,
Tomica Heroes Jobraver Tokusou Gattai Robo - Tokusou Gattai! Jobraver by Yusuke (from Ireisu) [amq-69986].webm,medium,medium,Tomica Heroes Jobraver: Tokusou Gattai Robo,Tomica Heroes Jobraver: Tokusou Gattai Robo,Summer 2025,Tokusou Gattai! Jobraver,Yusuke (from Ireisu),46,"59,375",,,,,,
Milky☆Subway The Galactic Limited Express - Ginga-kei made Tonde Ike! by Candies [amq-80152].webm,easy,easy,Ginga Tokkyuu Milky☆Subway,Milky☆Subway: The Galactic Limited Express,Summer 2025,Ginga-kei made Tonde Ike!,Candies,30,"15,195",,,,,,
Harmony of Mille-Feuille - Omoidebanashi by Temarizawa Koukou Acapella-bu [amq-80372].webm,easy,easy,Utagoe wa Mille-Feuille,Harmony of Mille-Feuille,Summer 2025,Omoidebanashi,Temarizawa Koukou Acapella-bu,36,"89,430",,,,,,
Nukitashi the Animation - Utopia or Dystopia by Yuki Yumeno [amq-80385].webm,medium,medium,Nukitashi the Animation,Nukitashi the Animation,Summer 2025,Utopia or Dystopia,Yuki Yumeno,41,"89,312",,,,,,
Kaiju No. 8 - You Can't Run From Yourself by Aurora [amq-80391].webm,medium,medium,Kaijuu 8-gou,Kaiju No. 8,Summer 2025,You Can't Run From Yourself,Aurora,44,"89,555",,,,,,
Let's Go Karaoke! - HOWL by Ayumu Imazu [amq-80371].webm,easy,easy,Karaoke Iko!,Let's Go Karaoke!,Summer 2025,HOWL,Ayumu Imazu,24,"87,795",,,,,,
"Captivated, by You - Rubble by Keina Suda [amq-80529].webm",easy,easy,"Muchuu sa, Kimi ni.","Captivated, by You",Summer 2025,Rubble,Keina Suda,22,"89,304",,,,,,
Secret Catch! Teenieping - Secret Catch! Teenieping by Chiemi Tanaka & Rie Hikisaka [amq-81064].webm,easy,easy,Secret Catch! Teenieping,Secret Catch! Teenieping,Summer 2025,Secret Catch! Teenieping,Chiemi Tanaka & Rie Hikisaka,31,"58,023",,,,,,
Neko no Kura-chan Ordinary Days - Neko no Kura-chan by pinkskirt [amq-81102].webm,easy,easy,Neko no Kura-chan: Ordinary Days,Neko no Kura-chan: Ordinary Days,Summer 2025,Neko no Kura-chan,pinkskirt,7,"90,872",,,,,,
Neko no Kura-chan Ordinary Days - Daylight by Amane Ichinose [amq-81161].webm,easy,easy,Neko no Kura-chan: Ordinary Days,Neko no Kura-chan: Ordinary Days,Summer 2025,Daylight,Amane Ichinose,3,"94,042",,,,,,
Neko no Kura-chan Ordinary Days - Kimi ni Kura☆Kura by Suzuka Miyazaki [amq-81975].webm,easy,easy,Neko no Kura-chan: Ordinary Days,Neko no Kura-chan: Ordinary Days,Summer 2025,Kimi ni Kura☆Kura,Suzuka Miyazaki,38,"88,602",,,,,,
The All-devouring Whale Homecoming - Hoozuki by CROWN HEAD [amq-81132].webm,easy,easy,Tensei Soushu no Hadou-tan: Subete o Nomikomu Sakana to Haiagaru,The All-devouring Whale: Homecoming,Summer 2025,Hoozuki,CROWN HEAD,8,"88,386",,,,,,
My Friend's Little Sister Has It In for Me! - Uza Kawaikute Nani ga Warui! by Akami Karubi [amq-80827].webm,easy,easy,Tomodachi no Imouto ga Ore ni Dake Uzai,My Friend's Little Sister Has It In for Me!,Fall 2025,Uza Kawaikute Nani ga Warui!,Akami Karubi,32,"89,145",,,,,,
To Your Eternity Season 3 - Fumetsu no Anata by Perfume [amq-80832].webm,medium,medium,Fumetsu no Anata e Season 3,To Your Eternity Season 3,Fall 2025,Fumetsu no Anata,Perfume,45,"89,229",,,,,,
Hero Without a Class Who Even Needs Skills - Reincarnation by KAYA [amq-80709].webm,easy,easy,Mushoku no Eiyuu: Betsu ni Skill Nanka Iranakattan da ga,Hero Without a Class: Who Even Needs Skills?,Fall 2025,Reincarnation,KAYA,25,"88,811",,,,,,
Blue Orchestra Season 2 - Amadeus by Galileo Galilei [amq-80841].webm,easy,easy,Ao no Orchestra Season 2,Blue Orchestra Season 2,Fall 2025,Amadeus,Galileo Galilei,28,"87,352",,,,,,
"Let's Play - 1, 2, Play by Toshinobu Kubota [amq-80775].webm",easy,easy,Let's Play: Quest-darake no My Life,Let's Play,Fall 2025,"1, 2, Play",Toshinobu Kubota,32,"87,803",,,,,,
Campfire Cooking in Another World with My Absurd Skill Season 2 - yummy goodday by CENT (CENTCHiHiRO CHiTTiii) [amq-80862].webm,easy,easy,Tondemo Skill de Isekai Hourou Meshi 2,Campfire Cooking in Another World with My Absurd Skill Season 2,Fall 2025,yummy goodday,CENT (CENTCHiHiRO CHiTTiii),29,"89,474",,,,,,
Plus-Sized Misadventures in Love! - Happy Yummy Lucky Yummy by GANG PARADE [amq-80860].webm,easy,easy,Debu to Love to Ayamachi to!,Plus-Sized Misadventures in Love!,Fall 2025,Happy Yummy Lucky Yummy,GANG PARADE,29,"89,137",,,,,,
A Mangaka's Weirdly Wonderful Workplace - Zettai Shousan! by HoneyWorks feat. HaKoniwalily [amq-80857].webm,easy,easy,Egao no Taenai Shokuba desu.,A Mangaka's Weirdly Wonderful Workplace,Fall 2025,Zettai Shousan!,HoneyWorks feat. HaKoniwalily,34,"89,187",,,,,,
"Dad is a Hero, Mom is a Spirit, I'm a Reincarnator - Mahou by Caho [amq-80847].webm",easy,easy,"Chichi wa Eiyuu, Haha wa Seirei, Musume no Watashi wa Tenseisha.","Dad is a Hero, Mom is a Spirit, I'm a Reincarnator",Fall 2025,Mahou,Caho,24,"86,636",,,,,,
The Dark History of the Reincarnated Villainess - Black Flame by KID PHENOMENON [amq-80874].webm,easy,easy,Tensei Akujo no Kuro Rekishi,The Dark History of the Reincarnated Villainess,Fall 2025,Black Flame,KID PHENOMENON,36,"89,437",,,,,,
Tales of Wedding Rings Season 2 - Daybreak by Sizuk feat. AYAME [amq-80829].webm,easy,easy,Kekkon Yubiwa Monogatari II,Tales of Wedding Rings Season 2,Fall 2025,Daybreak,Sizuk feat. AYAME,32,"89,435",,,,,,
Kakuriyo Bed & Breakfast for Spirits Season 2 - Tooryanse by Nao Touyama [amq-80777].webm,medium,medium,Kakuriyo no Yadomeshi Ni,Kakuriyo: Bed & Breakfast for Spirits Season 2,Fall 2025,Tooryanse,Nao Touyama,44,"88,519",,,,,,
Yano-kun's Ordinary Days - POP LIFE by FANTASTICS [amq-80772].webm,easy,easy,Yano-kun no Futsuu no Hibi,Yano-kun's Ordinary Days,Fall 2025,POP LIFE,FANTASTICS,30,"89,604",,,,,,
Sanda - Adultic Children by yama [amq-80805].webm,medium,medium,Sanda,Sanda,Fall 2025,Adultic Children,yama,44,"89,179",,,,,,
Mechanical Marie - Honto to Uso by Harutya [amq-80848].webm,easy,easy,Kikaijikake no Marie,Mechanical Marie,Fall 2025,Honto to Uso,Harutya,22,"89,679",,,,,,
Wandance - Stare In Wonder by BE FIRST [amq-80872].webm,medium,medium,Wandance,Wandance,Fall 2025,Stare In Wonder,BE:FIRST,45,"85,933",,,,,,
A Wild Last Boss Appeared! - Level o Agete Butsuri de Naguru by KISIDA KYODAN & THE AKEBOSI ROCKETS [amq-80821].webm,easy,easy,Yasei no Last Boss ga Arawareta!,A Wild Last Boss Appeared!,Fall 2025,Level o Agete Butsuri de Naguru,KISIDA KYODAN & THE AKEBOSI ROCKETS,37,"89,476",,,,,,
May I Ask for One Final Thing - Senjou no Hana by CHiCO with HoneyWorks [amq-80802].webm,medium,medium,Saigo ni Hitotsu dake Onegai Shite mo Yoroshii Deshou ka,May I Ask for One Final Thing?,Fall 2025,Senjou no Hana,CHiCO with HoneyWorks,43,"89,336",,,,,,
"Pass the Monster Meat, Milady! - Sugary Story by AVAM [amq-80781].webm",easy,easy,Akujiki Reijou to Kyouketsu Koushaku,"Pass the Monster Meat, Milady!",Fall 2025,Sugary Story,AVAM,22,"87,755",,,,,,
This Monster Wants to Eat Me - nie by Yoshino [amq-80778].webm,medium,medium,"Watashi o Tabetai, Hitodenashi",This Monster Wants to Eat Me,Fall 2025,nie,Yoshino,43,"88,007",,,,,,
Shabake - Inochi no Parade by Kujira [amq-80794].webm,easy,easy,Shabake,Shabake,Fall 2025,Inochi no Parade,Kujira,30,"87,516",,,,,,
My Awkward Senpai - Bukiyou na I love you by angela [amq-80782].webm,easy,easy,Bukiyou na Senpai.,My Awkward Senpai,Fall 2025,Bukiyou na I love you,angela,38,"89,304",,,,,,
Ranma 1 2 - Wo Ai Ni by Wednesday Campanella [amq-80823].webm,medium,medium,Ranma 1/2,Ranma 1/2,Fall 2025,Wo Ai Ni,Wednesday Campanella,47,"88,812",,,,,,
Alma-chan Wants to Have a Family! - Dramatic Overlay by ZAQ [amq-80844].webm,easy,easy,Alma-chan wa Kazoku ni Naritai,Alma-chan Wants to Have a Family!,Fall 2025,Dramatic Overlay,ZAQ,37,"88,136",,,,,,
A Star Brighter Than the Sun - Stellar Days by Motohiro Hata [amq-80882].webm,easy,easy,Taiyou yori mo Mabushii Hoshi,A Star Brighter Than the Sun,Fall 2025,Stellar Days,Motohiro Hata,27,"89,813",,,,,,
Kagaku×Bouken Survival! - Nebaneba by MORISAKI WIN [amq-78776].webm,easy,easy,Kagaku×Bouken Survival!,Kagaku×Bouken Survival!,Fall 2025,Nebaneba,MORISAKI WIN,21,"89,721",,,,,,
Ninja vs. Gokudo - Sweet Disaster by MIYAVI [amq-80869].webm,easy,easy,Ninja to Gokudou,Ninja vs. Gokudo,Fall 2025,Sweet Disaster,MIYAVI,26,"88,645",,,,,,
Touring After the Apocalypse - Touring by Conton Candy [amq-80925].webm,easy,easy,Shuumatsu Touring,Touring After the Apocalypse,Fall 2025,Touring,Conton Candy,26,"89,395",,,,,,
Tojima Wants to Be a Kamen Rider - Wanna be by TeddyLoid feat. Shigeru Matsuzaki & TOPHAMHAT-KYO [amq-80929].webm,easy,easy,Toujima Tanzaburou wa Kamen Rider ni Naritai,Tojima Wants to Be a Kamen Rider,Fall 2025,Wanna be,TeddyLoid feat. Shigeru Matsuzaki & TOPHAMHAT-KYO,30,"89,436",,,,,,
A Gatherer's Adventure in Isekai - Prologue by Nornis [amq-80766].webm,easy,easy,Sozai Saishuka no Isekai Ryokouki,A Gatherer's Adventure in Isekai,Fall 2025,Prologue,Nornis,28,"89,638",,,,,,
Style of Hiroshi Nohara's Lunch - Gohan Tabeyo by Mega Shinnosuke [amq-80796].webm,easy,easy,Nohara Hiroshi: Hirumeshi no Ryuugi,Style of Hiroshi Nohara's Lunch,Fall 2025,Gohan Tabeyo,Mega Shinnosuke,29,"89,997",,,,,,
Inexpressive Kashiwada and Expressive Oota - Hyakumensou by Hashimero [amq-80819].webm,easy,easy,Kao ni Denai Kashiwada-san to Kao ni Deru Oota-kun,Inexpressive Kashiwada and Expressive Oota,Fall 2025,Hyakumensou,Hashimero,26,"89,435",,,,,,
Digimon Beatbreak - Mad Pulse by MADKID [amq-80843].webm,easy,easy,Digimon Beatbreak,Digimon Beatbreak,Fall 2025,Mad Pulse,MADKID,31,"103,535",,,,,,
The Banished Court Magician Aims to Become the Strongest - Quest by Kiro Akiyama [amq-80818].webm,easy,easy,"Mikata ga Yowasugite Hojo Mahou ni Tesshiteita Kyuutei Mahoushi, Tsuihou sarete Saikyou wo Mezashimasu",The Banished Court Magician Aims to Become the Strongest,Fall 2025,Quest,Kiro Akiyama,22,"89,506",,,,,,
Uma Musume Cinderella Gray - Spurt Syndromer by 10-FEET [amq-80838].webm,medium,medium,Uma Musume: Cinderella Gray,Uma Musume: Cinderella Gray,Fall 2025,Spurt Syndromer,10-FEET,46,"88,515",,,,,,
SI-VIS The Sound of Heroes - So Far Away by SI-VIS [amq-80934].webm,easy,easy,SI-VIS: The Sound of Heroes,SI-VIS: The Sound of Heroes,Fall 2025,So Far Away,SI-VIS,36,"88,975",,,,,,
SI-VIS The Sound of Heroes - Supernova by SI-VIS [amq-81561].webm,easy,easy,SI-VIS: The Sound of Heroes,SI-VIS: The Sound of Heroes,Fall 2025,Supernova,SI-VIS,36,"86,642",,,,,,
I Saved Myself with a Potion! Life in Another World - Koi no Magic Potion by TRiDENT [amq-80788].webm,easy,easy,"Potion, Wagami o Tasukeru",I Saved Myself with a Potion!: Life in Another World,Fall 2025,Koi no Magic Potion,TRiDENT,29,"89,571",,,,,,
One Punch Man - Get No Satisfied ! by JAM Project feat.BABYMETAL [amq-80963].webm,hard,hard,One Punch Man,One Punch Man,Fall 2025,Get No Satisfied !,JAM Project feat.BABYMETAL,61,"89,352",,,,,,
Spy × Family - Hi o Mamoru by Spitz [amq-80926].webm,medium,medium,Spy × Family,Spy × Family,Fall 2025,Hi o Mamoru,Spitz,47,"89,095",,,,,,
My Hero Academia - THE REVO by Porno Graffitti [amq-80922].webm,medium,medium,Boku no Hero Academia,My Hero Academia,Fall 2025,THE REVO,Porno Graffitti,53,"87,227",,,,,,
"Backstabbed in a Backwater Dungeon - Hira yori Rai ya, Sarari ya Takaki by Tei [amq-80905].webm",easy,easy,"Shinjiteita Nakama-tachi ni Dungeon Okuchi de Korosarekaketa ga Gift ""Mugen Gacha"" de Level 9999 no Nakama-tachi o Te ni Irete Moto Party Member to Sekai ni Fukushuu & ""Zamaa!"" Shimasu!",Backstabbed in a Backwater Dungeon,Fall 2025,"Hira yori Rai ya, Sarari ya Takaki",Tei,31,"88,352",,,,,,
Let This Grieving Soul Retire - Algorithm by Kiyono Yasuno [amq-80951].webm,easy,easy,Nageki no Bourei wa Intai Shitai,Let This Grieving Soul Retire,Fall 2025,Algorithm,Kiyono Yasuno,27,"139,279",,,,,,
Li'l Miss Vampire Can't Suck Right - Seishun no Silhouette by H△G [amq-80964].webm,easy,easy,Chanto Suenai Kyuuketsuki-chan,Li'l Miss Vampire Can't Suck Right,Fall 2025,Seishun no Silhouette,H△G,22,"89,387",,,,,,
Hands Off Sawaranaide Kotesashi-kun! - U.K.U by UtaGe! [amq-80966].webm,easy,easy,Sawaranaide Kotesashi-kun,Hands Off: Sawaranaide Kotesashi-kun!,Fall 2025,U.K.U,UtaGe!,25,"58,975",,,,,,
Dusk Beyond The End of The World - Platform by Uru [amq-80907].webm,easy,easy,Towa no Yuugure,Dusk Beyond The End of The World,Fall 2025,Platform,Uru,36,"89,137",,,,,,
Dusk Beyond The End of The World - Ai by Uru [amq-81414].webm,easy,easy,Towa no Yuugure,Dusk Beyond The End of The World,Fall 2025,Ai,Uru,34,"95,330",,,,,,
Gintama Mr.Ginpachi's Zany Class - Sakurakaze by BotchiBoromaru [amq-80982].webm,easy,easy,3-nen Z-gumi Ginpachi-sensei,Gintama: Mr.Ginpachi's Zany Class,Fall 2025,Sakurakaze,BotchiBoromaru,33,"89,679",,,,,,
Chitose Is in the Ramune Bottle - Liar by Kucci [amq-80994].webm,easy,easy,Chitose-kun wa Ramune Bin no Naka,Chitose Is in the Ramune Bottle,Fall 2025,Liar,Kucci,33,"89,479",,,,,,
"Gnosia - Bake no Kawa by MAISONdes feat. Kobo Kanaeru, Kasane Teto, Giga & TeddyLoid [amq-81011].webm",medium,medium,Gnosia,Gnosia,Fall 2025,Bake no Kawa,"MAISONdes feat. Kobo Kanaeru, Kasane Teto, Giga & TeddyLoid",44,"89,187",,,,,,
Gnosia - call of ender (Anime Ver.) by Kaon Kokudo [amq-81981].webm,easy,easy,Gnosia,Gnosia,Fall 2025,call of ender (Anime Ver.),Kaon Kokudo,31,"87,435",,,,,,
"With You, Our Love Will Make it Through - Kusuguttai. by CHiCO with HoneyWorks [amq-80991].webm",easy,easy,Kimi to Koete Koi ni Naru,"With You, Our Love Will Make it Through",Fall 2025,Kusuguttai.,CHiCO with HoneyWorks,24,"88,428",,,,,,
My Status as an Assassin Obviously Exceeds the Hero's - Issen by VESPERBELL [amq-80985].webm,easy,easy,Ansatsusha de Aru Ore no Status ga Yuusha yori mo Akiraka ni Tsuyoi no da ga,My Status as an Assassin Obviously Exceeds the Hero's,Fall 2025,Issen,VESPERBELL,32,"89,062",,,,,,
"Kingdom - Ikite, Sansan by Ikimono-gakari [amq-81014].webm",medium,medium,Kingdom,Kingdom,Fall 2025,"Ikite, Sansan",Ikimono-gakari,41,"87,844",,,,,,
"Isekai Quartet 3 - Isekai Concerto by Satoshi Hino, Jun Fukushima, Yuusuke Kobayashi, Aoi Yuuki [amq-80986].webm",hard,hard,Isekai Quartet 3,Isekai Quartet 3,Fall 2025,Isekai Concerto,"Satoshi Hino, Jun Fukushima, Yuusuke Kobayashi, Aoi Yuuki",70,"89,137",,,,,,
Strike World Deadverse Reloaded the Anime - Monster by Da-iCE [amq-81142].webm,easy,easy,Monster Strike: Deadverse Reloaded,Strike World: Deadverse Reloaded the Anime,Fall 2025,Monster,Da-iCE,23,"89,145",,,,,,
The Fated Magical Princess Who Made Me a Princess - Ii yo by Daoko [amq-81069].webm,medium,medium,"Aru Hi, Ohime-sama ni Natte shimatta Ken ni Tsuite",The Fated Magical Princess: Who Made Me a Princess,Fall 2025,Ii yo,Daoko,41,"89,632",,,,,,
Hasan Fugou The Richest Man in the Game - Empty Heart by Ireisu [amq-81085].webm,easy,easy,Hasan Fugou: The Richest Man in the Game,Hasan Fugou: The Richest Man in the Game,Fall 2025,Empty Heart,Ireisu,37,"89,104",,,,,,
Dragon Raja II The Mourner's Eyes - WE ARE MADE by Shiro SAGISU featuring Hazel Fernandes [amq-81131].webm,medium,medium,Ryuzoku II: The Mourner's Eyes,Dragon Raja II: The Mourner's Eyes,Fall 2025,WE ARE MADE,Shiro SAGISU featuring Hazel Fernandes,43,"90,434",,,,,,
Blue Miburo Season 2 - Blue Noise by Ryosuke Yamada [amq-81471].webm,easy,easy,Ao no Miburo: Serizawa Ansatsu-hen,Blue Miburo Season 2,Fall 2025,Blue Noise,Ryosuke Yamada,22,"89,555",,,,,,
Sylvanian Families Freya no Wonder Days - EVERY HAPPINESS by Yuichi Masa Nonaka [amq-71625].webm,easy,easy,Sylvanian Families: Freya no Wonder Days,Sylvanian Families: Freya no Wonder Days,Fall 2025,EVERY HAPPINESS,"Yuichi ""Masa"" Nonaka",30,"37,509",,,,,,
Hell's Paradise - Kasukana Hana by Tatsuya Kitani feat. BABYMETAL [amq-81698].webm,medium,medium,Jigokuraku,Hell's Paradise,Winter 2026,Kasukana Hana,Tatsuya Kitani feat. BABYMETAL,51,"88,803",,,,,,
Fate strange Fake - BELONG by SawanoHiroyuki[nZk] Yosh [amq-81910].webm,easy,easy,Fate/strange Fake,Fate/strange Fake,Winter 2026,BELONG,SawanoHiroyuki[nZk]:Yosh,21,"41,128",,,,,,
Fate strange Fake - PROVANT by SawanoHiroyuki[nZk] Jean-Ken Johnny & TAKUMA [amq-81671].webm,medium,medium,Fate/strange Fake,Fate/strange Fake,Winter 2026,PROVANT,SawanoHiroyuki[nZk]:Jean-Ken Johnny & TAKUMA,56,"89,137",,,,,,
Sentenced to Be a Hero - Kill the Noise by SPYAIR [amq-81736].webm,medium,medium,Yuusha-kei ni Shosu: Choubatsu Yuusha 9004-tai Keimu Kiroku,Sentenced to Be a Hero,Winter 2026,Kill the Noise,SPYAIR,42,"87,336",,,,,,
Sentenced to Be a Hero - Mureed Yousai by EUREKA REPUBLIC & Utabito Zanmai Samady [amq-82684].webm,easy,easy,Yuusha-kei ni Shosu: Choubatsu Yuusha 9004-tai Keimu Kiroku,Sentenced to Be a Hero,Winter 2026,Mureed Yousai,EUREKA REPUBLIC & Utabito Zanmai Samady,21,"92,655",,,,,,
Sentenced to Be a Hero - Kouwan Toshi Ioff by KOCHO [amq-82685].webm,easy,easy,Yuusha-kei ni Shosu: Choubatsu Yuusha 9004-tai Keimu Kiroku,Sentenced to Be a Hero,Winter 2026,Kouwan Toshi Ioff,KOCHO,18,"132,903",,,,,,
Sentenced to Be a Hero - Sodrick Gaiku by KOCHO [amq-82686].webm,easy,easy,Yuusha-kei ni Shosu: Choubatsu Yuusha 9004-tai Keimu Kiroku,Sentenced to Be a Hero,Winter 2026,Sodrick Gaiku,KOCHO,25,"102,623",,,,,,
Jujutsu Kaisen Season 3 - AIZO by King Gnu [amq-81660].webm,hard,hard,Jujutsu Kaisen: Shimetsu Kaiyuu - Zenpen,Jujutsu Kaisen Season 3,Winter 2026,AIZO,King Gnu,63,"89,437",,,,,,
"Chained Soldier 2 - Hikari yo, Boku ni. by Akari Kito [amq-81655].webm",medium,medium,Mato Seihei no Slave 2,Chained Soldier 2,Winter 2026,"Hikari yo, Boku ni.",Akari Kito,50,"89,771",,,,,,
"'Tis Time for Torture, Princess - Sunday Morning by ILLIT [amq-81715].webm",medium,medium,"Hime-sama, ""Goumon"" no Jikan desu","'Tis Time for ""Torture,"" Princess",Winter 2026,Sunday Morning,ILLIT,42,"89,590",,,,,,
Journal with Witch - Sonare by TOMOO [amq-81571].webm,medium,medium,Ikoku Nikki,Journal with Witch,Winter 2026,Sonare,TOMOO,48,"88,769",,,,,,
Hana-Kimi - Adrena by YOASOBI [amq-81572].webm,medium,medium,Hanazakari no Kimi-tachi e,Hana-Kimi,Winter 2026,Adrena,YOASOBI,44,"88,811",,,,,,
The Darwin Incident - Make Me Wonder by Official HIGE DANdism [amq-81596].webm,medium,medium,Darwin Jihen,The Darwin Incident,Winter 2026,Make Me Wonder,Official HIGE DANdism,40,"89,262",,,,,,
Tamon's B-Side - F ACE OFF by F ACE [amq-81556].webm,medium,medium,Tamon-kun Ima Docchi!?,Tamon's B-Side,Winter 2026,F/ACE OFF,F/ACE,41,"49,814",,,,,,
Tamon's B-Side - Sweet Magic by F ACE [amq-81637].webm,medium,medium,Tamon-kun Ima Docchi!?,Tamon's B-Side,Winter 2026,Sweet Magic,F/ACE,44,"88,762",,,,,,
Trigun Stargaze - Picaresque Hero by ano [amq-81679].webm,easy,easy,Trigun Stargaze,Trigun Stargaze,Winter 2026,Picaresque Hero,ano,33,"89,061",,,,,,
Fire Force Season 3 - Ignis by Takanori Nishikawa [amq-81780].webm,medium,medium,Enen no Shouboutai: San no Shou,Fire Force Season 3,Winter 2026,Ignis,Takanori Nishikawa,51,"89,678",,,,,,
SHIBOYUGI Playing Death Games to Put Food on the Table - ¬Ersterbend by LIN (MADKID) [amq-81643].webm,medium,medium,Shibou Yuugi de Meshi o Kuu.,SHIBOYUGI: Playing Death Games to Put Food on the Table,Winter 2026,¬Ersterbend,LIN (MADKID),45,"88,595",,,,,,
Dark Moon The Blood Altar - One In A Billion (Japanese Ver.) by ENHYPEN [amq-81666].webm,medium,medium,Dark Moon: Tsuki no Saidan,Dark Moon: The Blood Altar,Winter 2026,One In A Billion (Japanese Ver.),ENHYPEN,45,"88,854",,,,,,
Frieren Beyond Journey's End - lulu. by Mrs. GREEN APPLE [amq-81775].webm,medium,medium,Sousou no Frieren,Frieren: Beyond Journey's End,Winter 2026,lulu.,Mrs. GREEN APPLE,51,"89,312",,,,,,
[Oshi no Ko] - B no Revenge by B-Komachi [amq-81727].webm,hard,hard,"""Oshi no Ko""",[Oshi no Ko],Winter 2026,B no Revenge,B-Komachi,63,"88,309",,,,,,
[Oshi no Ko] - TEST ME by CHANMINA [amq-81805].webm,hard,hard,"""Oshi no Ko""",[Oshi no Ko],Winter 2026,TEST ME,CHANMINA,64,"89,521",,,,,,
A Gentle Noble's Vacation Recommendation - Gypso by Hikaru Makishima [amq-81640].webm,easy,easy,Odayaka Kizoku no Kyuuka no Susume,A Gentle Noble's Vacation Recommendation,Winter 2026,Gypso,Hikaru Makishima,19,"88,555",,,,,,
The Holy Grail of Eris - Happy Ever After by Reina Washio feat. YU-KA [amq-81734].webm,easy,easy,Eris no Seihai,The Holy Grail of Eris,Winter 2026,Happy Ever After,Reina Washio feat. YU-KA,33,"89,679",,,,,,
Kaya-chan Isn't Scary - Maboroshi no Yukue by Isekaijoucho [amq-81691].webm,easy,easy,Kaya-chan wa Kowakunai,Kaya-chan Isn't Scary,Winter 2026,Maboroshi no Yukue,Isekaijoucho,29,"89,248",,,,,,
Isekai Office Worker The Other World's Books Depend on the Bean Counter - Magic by kobore [amq-81598].webm,easy,easy,Isekai no Sata wa Shachiku Shidai,Isekai Office Worker: The Other World's Books Depend on the Bean Counter,Winter 2026,Magic,kobore,32,"89,636",,,,,,
The Case Book of Arne - Q.E.D. by Sou [amq-81602].webm,easy,easy,Arne no Jikenbo,The Case Book of Arne,Winter 2026,Q.E.D.,Sou,32,"88,228",,,,,,
You and I Are Polar Opposites - Megane o Hazushite by noa [amq-81689].webm,medium,medium,Seihantai na Kimi to Boku,You and I Are Polar Opposites,Winter 2026,Megane o Hazushite,noa,48,"89,248",,,,,,
The Invisible Man and His Soon-to-Be Wife - Ding-dong by Mao Abe [amq-81770].webm,medium,medium,Toumei Otoko to Ningen Onna: Sonouchi Fuufu ni Naru Futari,The Invisible Man and His Soon-to-Be Wife,Winter 2026,Ding-dong,Mao Abe,44,"87,519",,,,,,
Hell Mode The Hardcore Gamer Dominates in Another World with Garbage Balancing - Haku by Atarayo [amq-81781].webm,easy,easy,Hell Mode: Yarikomizuki no Gamer wa Hai Settei no Isekai de Musou suru,Hell Mode: The Hardcore Gamer Dominates in Another World with Garbage Balancing,Winter 2026,Haku,Atarayo,26,"89,896",,,,,,
Champignon Witch - Mahoutsukai no Nikki by ROSU [amq-81661].webm,easy,easy,Champignon no Majo,Champignon Witch,Winter 2026,Mahoutsukai no Nikki,ROSU,36,"88,845",,,,,,
MF Ghost 3rd Season - TIMELESS POWER by Yu Serizawa feat. MOTSU [amq-81555].webm,medium,medium,MF Ghost 3rd Season,MF Ghost 3rd Season,Winter 2026,TIMELESS POWER,Yu Serizawa feat. MOTSU,50,"89,137",,,,,,
"Noble Reincarnation Born Blessed, So I'll Obtain Ultimate Power - Break off by SUPER★DRAGON [amq-81567].webm",easy,easy,Kizoku Tensei: Megumareta Umare kara Saikyou no Chikara o Eru,"Noble Reincarnation: Born Blessed, So I'll Obtain Ultimate Power",Winter 2026,Break off,SUPER★DRAGON,29,"89,715",,,,,,
Kunon the Sorcerer Can See - Lachenalia no Yume by Isekaijoucho [amq-81569].webm,easy,easy,Majutsushi Kunon wa Mieteiru,Kunon the Sorcerer Can See,Winter 2026,Lachenalia no Yume,Isekaijoucho,32,"88,019",,,,,,
Oedo Fire Slayer The Legend of Phoenix - Hamidashi Gomen by Porno Graffitti [amq-81695].webm,easy,easy,Hikuidori: Ushuu Boro Tobi-gumi,Oedo Fire Slayer: The Legend of Phoenix,Winter 2026,Hamidashi Gomen,Porno Graffitti,23,"84,382",,,,,,
"Jack-of-All-Trades, Party of None - Shirube by Tokoyami Towa [amq-81644].webm",easy,easy,Yuusha Party o Oidasareta Kiyou Binbou,"Jack-of-All-Trades, Party of None",Winter 2026,Shirube,Tokoyami Towa,35,"89,262",,,,,,
Dead Account - Dead End by Haru Igarashi [amq-81675].webm,easy,easy,Dead Account,Dead Account,Winter 2026,Dead End,Haru Igarashi,24,"86,835",,,,,,
Reincarnated as a Dragon Hatchling - Gliding Claw by Sizuk feat. AYAME [amq-81683].webm,easy,easy,Tensei Shitara Dragon no Tamago Datta: Saikyou Igai Mezasa Nee,Reincarnated as a Dragon Hatchling,Winter 2026,Gliding Claw,Sizuk feat. AYAME,23,"89,479",,,,,,
Tune In to the Midnight Heart - Tsuki ni Mukatte Ute by Hoshimachi Suisei [amq-81717].webm,medium,medium,Mayonaka Heart Tune,Tune In to the Midnight Heart,Winter 2026,Tsuki ni Mukatte Ute,Hoshimachi Suisei,40,"89,520",,,,,,
Scum of the Brave - GUN POWDER by TOOBOE [amq-81682].webm,easy,easy,Yuusha no Kuzu,Scum of the Brave,Winter 2026,GUN POWDER,TOOBOE,28,"89,729",,,,,,
Scum of the Brave - Revive by ClariS [amq-82636].webm,easy,easy,Yuusha no Kuzu,Scum of the Brave,Winter 2026,Revive,ClariS,17,"88,762",,,,,,
"Anyway, I'm Falling in Love with You - L to R by ME I [amq-81658].webm",easy,easy,"Douse, Koishite Shimaunda.","Anyway, I'm Falling in Love with You",Winter 2026,L to R,ME:I,33,"89,248",,,,,,
Medalist - Cold Night by HANA [amq-81815].webm,medium,medium,Medalist,Medalist,Winter 2026,Cold Night,HANA,48,"88,976",,,,,,
You Can't Be In a Rom-Com with Your Childhood Friends! - I Love You♡ by HoneyWorks meets Rin Kusumi・Yu Serizawa・Sae Hiratsuka・Yuuki Yamamoto [amq-81581].webm,easy,easy,Osananajimi to wa Love Come ni Naranai,You Can't Be In a Rom-Com with Your Childhood Friends!,Winter 2026,I Love You♡,HoneyWorks meets Rin Kusumi・Yu Serizawa・Sae Hiratsuka・Yuuki Yamamoto,32,"88,644",,,,,,
Easygoing Territory Defense by the Optimistic Lord - Okirakuzation by Rei Nakashima [amq-81642].webm,easy,easy,Okiraku Ryoushu no Tanoshii Ryouchi Bouei: Seisan-kei Majutsu de Na mo Naki Mura wo Saikyou no Jousai Toshi ni,Easygoing Territory Defense by the Optimistic Lord,Winter 2026,Okirakuzation,Rei Nakashima,39,"88,595",,,,,,
Roll Over and Die - Liberator by PassCode [amq-81652].webm,easy,easy,"""Omae Gotoki ga Maou ni Kateru to Omou na"" to Yuusha Party o Tsuihou Sareta node, Outo de Kimama ni Kurashitai",Roll Over and Die,Winter 2026,Liberator,PassCode,37,"89,020",,,,,,
Hell Teacher Jigoku Sensei Nube - ERASE by THE ORAL CIGARETTES [amq-81639].webm,easy,easy,Jigoku Sensei Nube,Hell Teacher: Jigoku Sensei Nube,Winter 2026,ERASE,THE ORAL CIGARETTES,39,"88,595",,,,,,
An Adventurer's Daily Grind at Age 29 - Kimi ga Tomoshite Kureta Hikari o Ima by HoneyWorks feat.Hanon [amq-81728].webm,easy,easy,29-sai Dokushin Chuuken Boukensha no Nichijou,An Adventurer's Daily Grind at Age 29,Winter 2026,Kimi ga Tomoshite Kureta Hikari o Ima,HoneyWorks feat.Hanon,32,"89,229",,,,,,
In the Clear Moonlit Dusk - Uruwashi by UNISON SQUARE GARDEN [amq-81686].webm,easy,easy,Uruwashi no Yoi no Tsuki,In the Clear Moonlit Dusk,Winter 2026,Uruwashi,UNISON SQUARE GARDEN,34,"98,821",,,,,,
Wash it All Away - Kirei. by Yuu. [amq-81579].webm,easy,easy,Kirei ni Shitemoraemasu ka.,Wash it All Away,Winter 2026,Kirei.,Yuu.,37,"89,353",,,,,,
Yoroi-Shinden Samurai Troopers - YOAKE by blank paper [amq-81726].webm,easy,easy,Yoroi-Shinden Samurai Troopers,Yoroi-Shinden Samurai Troopers,Winter 2026,YOAKE,blank paper,27,"89,679",,,,,,
The Demon King's Daughter Is Too Kind!! - We Can Do!! by Kaori Ishihara [amq-81599].webm,easy,easy,Maou no Musume wa Yasashi Sugiru!!,The Demon King's Daughter Is Too Kind!!,Winter 2026,We Can Do!!,Kaori Ishihara,32,"87,595",,,,,,
The Daily Life of a Part-time Torturer - GO GO PARADISE!! by GRANRODEO [amq-81565].webm,easy,easy,Goumon Baito-kun no Nichijou,The Daily Life of a Part-time Torturer,Winter 2026,GO GO PARADISE!!,GRANRODEO,31,"89,346",,,,,,
My Hero Academia Vigilantes - CATCH!!! by THREEE [amq-81584].webm,easy,easy,Vigilante: Boku no Hero Academia Illegals,My Hero Academia: Vigilantes,Winter 2026,CATCH!!!,THREEE,35,"88,428",,,,,,
"There Was a Cute Girl in the Hero's Party, So I Tried Confessing to Her - Lavish!! by Yoshino [amq-81720].webm",easy,easy,"Yuusha Party ni Kawaii Ko ga Ita node, Kokuhaku shitemita.","There Was a Cute Girl in the Hero's Party, So I Tried Confessing to Her",Winter 2026,Lavish!!,Yoshino,29,"89,436",,,,,,
The Villainess Is Adored by the Prince of the Neighbor Kingdom - Ai no Fanfare by Ayahi Takagaki feat. Yu Shirota [amq-81694].webm,easy,easy,Akuyaku Reijou wa Ringoku no Outaishi ni Dekiai sareru,The Villainess Is Adored by the Prince of the Neighbor Kingdom,Winter 2026,Ai no Fanfare,Ayahi Takagaki feat. Yu Shirota,27,"86,595",,,,,,
Golden Kamuy - Ougon no Kanata by Awich × ALI [amq-81713].webm,medium,medium,Golden Kamuy,Golden Kamuy,Winter 2026,Ougon no Kanata,Awich × ALI,43,"88,936",,,,,,
Hoppe-chan Mystery of the Sun Kingdom and the Black-Cheek Team - Hope & Jump by EXILE B HAPPY feat. Crystal Kay [amq-81668].webm,easy,easy,Hoppe-chan: Sun Oukoku to Kuro Hoppe-dan no Himitsu,Hoppe-chan: Mystery of the Sun Kingdom and the Black-Cheek Team,Winter 2026,Hope & Jump,EXILE B HAPPY feat. Crystal Kay,25,"84,995",,,,,,
A Misanthrope Teaches a Class for Demi-Humans - Ningen by Masayoshi Oishi [amq-81673].webm,easy,easy,Jingai Kyoushitsu no Ningengirai Kyoushi,A Misanthrope Teaches a Class for Demi-Humans,Winter 2026,Ningen,Masayoshi Oishi,35,"89,262",,,,,,
"Elegy for the Henchmen Fist of the North Star - Blacker Co., Ltd. by ITSUKA▶ [amq-81578].webm",easy,easy,Hokuto no Ken: Kenou-gun Zako-tachi no Banka,Elegy for the Henchmen: Fist of the North Star,Winter 2026,"Blacker Co., Ltd.",ITSUKA▶,21,"29,803",,,,,,
There's No Freaking Way I'll Be Your Lover! Unless... - Muri Muri Shinkaron by Akari Nanawo [amq-80042].webm,hard,hard,"Watashi ga Koibito ni Nareru Wake Nai jan, Muri Muri! (※Muri ja Nakatta!?)",There's No Freaking Way I'll Be Your Lover! Unless...,Winter 2026,Muri Muri Shinkaron,Akari Nanawo,63,"89,604",,,,,,
Cardfight!! Vanguard Divinez Parallactic Clash Arc - Genkai by V.W.P [amq-81670].webm,easy,easy,Cardfight!! Vanguard Divinez Genma Seisen-hen,Cardfight!! Vanguard Divinez Parallactic Clash Arc,Winter 2026,Genkai,V.W.P,37,"88,754",,,,,,
Cardfight!! Vanguard Divinez Parallactic Clash Arc - World's End Trigger by Hina Aoki [amq-82109].webm,easy,easy,Cardfight!! Vanguard Divinez Genma Seisen-hen,Cardfight!! Vanguard Divinez Parallactic Clash Arc,Winter 2026,World's End Trigger,Hina Aoki,17,"89,304",,,,,,
High School! Kimengumi - Funky Spice by BREIMEN feat.TOMOO [amq-81664].webm,easy,easy,High School! Kimengumi,High School! Kimengumi,Winter 2026,Funky Spice,BREIMEN feat.TOMOO,31,"89,296",,,,,,
Star Detective Precure! - Heart ni Hint! Meitantei Precure! by Ami Ishii [amq-81886].webm,medium,medium,Meitantei Precure!,Star Detective Precure!,Winter 2026,Heart ni Hint! Meitantei Precure!,Ami Ishii,47,"89,634",,,,,,
Baki-Dou - Furuboko by WANIMA [amq-82016].webm,easy,easy,Baki-Dou,Baki-Dou,Winter 2026,Furuboko,WANIMA,24,"88,895",,,,,,
Witch Hat Atelier - Kaze no Anthem by Eve feat. suis from Yorushika [amq-82574].webm,medium,medium,Tongari Boushi no Atelier,Witch Hat Atelier,Spring 2026,Kaze no Anthem,Eve feat. suis from Yorushika,44,"89,089",,,,,,
Eren the Southpaw - FUNKIN' BEAUTIFUL by ALI feat. ZORN [amq-82587].webm,medium,medium,Hidarikiki no Eren,Eren the Southpaw,Spring 2026,FUNKIN' BEAUTIFUL,ALI feat. ZORN,44,"89,055",,,,,,
I Made Friends with the Second Prettiest Girl in My Class - Submarine Youth by reGretGirl [amq-82581].webm,easy,easy,Class de 2-banme ni Kawaii Onnanoko to Tomodachi ni Natta,I Made Friends with the Second Prettiest Girl in My Class,Spring 2026,Submarine Youth,reGretGirl,17,"89,304",,,,,,
The Angel Next Door Spoils Me Rotten 2 - Kimi wa Koibito by Masayoshi Oishi [amq-82530].webm,hard,hard,Otonari no Tenshi-sama ni Itsunomanika Dame Ningen ni Sareteita Ken 2,The Angel Next Door Spoils Me Rotten 2,Spring 2026,Kimi wa Koibito,Masayoshi Oishi,61,"88,547",,,,,,
Ascendance of a Bookworm Season 4 - Pages by Little Glee Monster [amq-82544].webm,easy,easy,Honzuki no Gekokujou: Shisho ni Naru Tame ni wa Shudan o Erandeiraremasen - Ryoushu no Youjo,Ascendance of a Bookworm Season 4,Spring 2026,Pages,Little Glee Monster,32,"89,131",,,,,,
Dorohedoro - Zettai MUST Danmen by (K)NoW_NAME Ayaka Tachibana [amq-82478].webm,medium,medium,Dorohedoro,Dorohedoro,Spring 2026,Zettai MUST Danmen,(K)NoW_NAME:Ayaka Tachibana,41,"89,263",,,,,,
A Hundred Scenes of Awajima - blue hour by Hana Hope [amq-82607].webm,easy,easy,Awajima Hyakkei,A Hundred Scenes of Awajima,Spring 2026,blue hour,Hana Hope,28,"90,054",,,,,,
"Kujima Why Sing, When You Can Warble - Komorebi-zaka by Galileo Galilei [amq-82604].webm",easy,easy,Kujima Utaeba Ie Hororo,"Kujima: Why Sing, When You Can Warble?",Spring 2026,Komorebi-zaka,Galileo Galilei,21,"88,719",,,,,,
Ace of the Diamond Act II Second Season - Let's Go Crazy by Baby Canta [amq-82555].webm,easy,easy,Diamond no Ace: Act II - Second Season,Ace of the Diamond Act II Second Season,Spring 2026,Let's Go Crazy,Baby Canta,29,"88,967",,,,,,
Rooster Fighter - What's a Hero by DARUMA Rollin' [amq-82174].webm,easy,easy,Niwatori Fighter,Rooster Fighter,Spring 2026,What's a Hero?,DARUMA Rollin',24,"88,297",,,,,,
Petals of Reincarnation - Glitch by eill [amq-82609].webm,easy,easy,Reincarnation no Kaben,Petals of Reincarnation,Spring 2026,Glitch*,eill,31,"87,929",,,,,,
"Go for It, Nakamura-kun!! - Shunpatsu-teki ni Koi Shiyou by Yasuyuki Okamura・Kento Nakajima [amq-82486].webm",medium,medium,Ganbare! Nakamura-kun!!,"Go for It, Nakamura-kun!!",Spring 2026,Shunpatsu-teki ni Koi Shiyou,Yasuyuki Okamura・Kento Nakajima,47,"89,256",,,,,,
"Classroom of the Elite 4th Season Second Year, First Semester - MONSTER by Eir Aoi [amq-82467].webm",medium,medium,Youkoso Jitsuryoku Shijou Shugi no Kyoushitsu e 4th Season: 2-nensei-hen 1-gakki,"Classroom of the Elite 4th Season: Second Year, First Semester",Spring 2026,MONSTER,Eir Aoi,50,"88,589",,,,,,
Kirio Fan Club - FANCLUB by Skirt to ODD Foot Works [amq-82501].webm,easy,easy,Kirio Fan Club,Kirio Fan Club,Spring 2026,FANCLUB,Skirt to ODD Foot Works,13,"88,096",,,,,,
That Time I Got Reincarnated as a Slime Season 4 - Esoragoto by Eir Aoi [amq-82532].webm,easy,easy,Tensei shitara Slime Datta Ken Dai 4 Ki,That Time I Got Reincarnated as a Slime Season 4,Spring 2026,Esoragoto,Eir Aoi,27,"88,511",,,,,,
Wistoria Wand and Sword Season 2 - BELIEVERS by ASH DA HERO [amq-82661].webm,easy,easy,Tsue to Tsurugi no Wistoria Season 2,Wistoria: Wand and Sword Season 2,Spring 2026,BELIEVERS,ASH DA HERO,27,"88,930",,,,,,
The Warrior Princess and the Barbaric King - BEAUTIFUL by Mayu Maeshima [amq-82710].webm,easy,easy,Himekishi wa Barbaroi no Yome,The Warrior Princess and the Barbaric King,Spring 2026,BEAUTIFUL,Mayu Maeshima,30,"89,256",,,,,,
Mission Yozakura Family - What's KAZOKU by Sakurazaka46 [amq-82662].webm,easy,easy,Yozakura-san Chi no Daisakusen,Mission: Yozakura Family,Spring 2026,"What's ""KAZOKU""?",Sakurazaka46,23,"89,097",,,,,,
Welcome to Demon School! Iruma-kun Season 4 - Ichi Ni no San by Penthouse [amq-82546].webm,easy,easy,Mairimashita! Iruma-kun Dai 4 Series,Welcome to Demon School! Iruma-kun Season 4,Spring 2026,Ichi Ni no San,Penthouse,27,"88,967",,,,,,
Yowayowa Sensei - COMIT COMET by Daoko [amq-82638].webm,easy,easy,Yowayowa Sensei,Yowayowa Sensei,Spring 2026,COMIT COMET,Daoko,13,"89,590",,,,,,
The Ramparts of Ice - Toumei by Novelbright [amq-82499].webm,easy,easy,Koori no Jouheki,The Ramparts of Ice,Spring 2026,Toumei,Novelbright,30,"88,470",,,,,,
Even a Replica Can Fall in Love - Refrain by shytaupe [amq-82579].webm,easy,easy,"Replica Datte, Koi o Suru.",Even a Replica Can Fall in Love,Spring 2026,Refrain,shytaupe,19,"88,297",,,,,,
Botan Kamiina Fully Blossoms When Drunk - Mebuku Toki by yonige [amq-82616].webm,easy,easy,"Kamiina Botan, Yoeru Sugata wa Yuri no Hana",Botan Kamiina Fully Blossoms When Drunk,Spring 2026,Mebuku Toki,yonige,34,"87,254",,,,,,
Magical Sisters LuluttoLilly - Bubee by ILLIT [amq-82558].webm,medium,medium,Mahou no Shimai Lulutto Lilly,Magical Sisters LuluttoLilly,Spring 2026,Bubee,ILLIT,40,"88,513",,,,,,
Re Zero Starting Life in Another World - Recollect by Konomi Suzuki feat. Ashnikko [amq-82699].webm,medium,medium,Re:Zero kara Hajimeru Isekai Seikatsu,Re:Zero: Starting Life in Another World,Spring 2026,Recollect,Konomi Suzuki feat. Ashnikko,57,"88,756",,,,,,
The Klutzy Class Monitor and the Girl with the Short Skirt - Hitorigoto by osage [amq-82675].webm,easy,easy,Ponkotsu Fuuki Iin to Skirt-take ga Futekisetsu na JK no Hanashi,The Klutzy Class Monitor and the Girl with the Short Skirt,Spring 2026,Hitorigoto,osage,20,"89,048",,,,,,
Agents of the Four Seasons Dance of Spring - Petals by Orangestar feat. Kase [amq-82540].webm,medium,medium,Shunkashuutou Daikousha: Haru no Mai,Agents of the Four Seasons: Dance of Spring,Spring 2026,Petals,Orangestar feat. Kase,41,"86,837",,,,,,
Mistress Kanan is Devilishly Easy - Hatsukoi Moment by Faulieu. [amq-82550].webm,easy,easy,Kanan-sama wa Akumade Choroi,Mistress Kanan is Devilishly Easy,Spring 2026,Hatsukoi Moment,Faulieu.,26,"87,755",,,,,,
An Observation Log of My Fiancee Who Calls Herself a Villainess - La Fleur by Airi Miyakawa [amq-82528].webm,easy,easy,Jishou Akuyaku Reijou na Konyakusha no Kansatsu Kiroku.,An Observation Log of My Fiancée Who Calls Herself a Villainess,Spring 2026,La Fleur,Airi Miyakawa,34,"88,968",,,,,,
The Beginning After The End - Sayonara ja Nai Hou ga Ii by SIX LOUNGE [amq-82484].webm,easy,easy,"Saikyou no Ousama, Nidome no Jinsei wa Nani o Suru?",The Beginning After The End,Spring 2026,Sayonara ja Nai Hou ga Ii,SIX LOUNGE,20,"89,048",,,,,,
I Want to End This Love Game - Kimi no Sei de Aishiteru by CHiCO with HoneyWorks [amq-82696].webm,easy,easy,Aishiteru Game o Owarasetai,I Want to End This Love Game,Spring 2026,Kimi no Sei de Aishiteru,CHiCO with HoneyWorks,27,"88,638",,,,,,
Fist of the North Star Hokuto no Ken - Hallelujah by [Alexandros] [amq-82614].webm,easy,easy,Hokuto no Ken: Fist of the North Star,Fist of the North Star: Hokuto no Ken,Spring 2026,Hallelujah,[Alexandros],32,"87,508",,,,,,
The Most Heretical Last Boss Queen From Villainess to Savior Season 2 - Ego by RETRORIRON [amq-82700].webm,easy,easy,Higeki no Genkyou to Naru Saikyou Gedou Last Boss Joou wa Tami no Tame ni Tsukushimasu. Season 2,The Most Heretical Last Boss Queen: From Villainess to Savior Season 2,Spring 2026,Ego,RETRORIRON,22,"88,206",,,,,,
Haibara's Teenage New Game+ - Fly Again!! by Ami Maeshima [amq-82610].webm,easy,easy,Haibara-kun no Tsuyokute Seishun New Game,Haibara's Teenage New Game+,Spring 2026,Fly Again!!,Ami Maeshima,22,"88,297",,,,,,
Daemons of the Shadow Realm - Tobu Toki by Vaundy [amq-82642].webm,easy,easy,Yomi no Tsugai,Daemons of the Shadow Realm,Spring 2026,Tobu Toki,Vaundy,39,"89,096",,,,,,
Ichijouma Mankitsu Gurashi! - Ciao Ciao by Sophia la Mode [amq-82649].webm,easy,easy,Ichijouma Mankitsu Gurashi!,Ichijouma Mankitsu Gurashi!,Spring 2026,Ciao Ciao,Sophià la Mode,30,"87,880",,,,,,
Mao - HEARTLOUD by Kis-My-Ft2 [amq-82548].webm,easy,easy,Mao,Mao,Spring 2026,HEARTLOUD,Kis-My-Ft2,25,"88,672",,,,,,
Kusunoki's Garden of Gods - Odoroki no Ko by Miyu Irino [amq-82645].webm,easy,easy,Kami no Niwatsuki Kusunoki-tei,Kusunoki's Garden of Gods,Spring 2026,Odoroki no Ko,Miyu Irino,26,"87,838",,,,,,
Snowball Earth - zero by tuki. [amq-82534].webm,easy,easy,Snowball Earth,Snowball Earth,Spring 2026,zero,tuki.,34,"89,430",,,,,,
Akane-banashi - Hitotarashi by Keisuke Kuwata [amq-82640].webm,easy,easy,Akane-banashi,Akane-banashi,Spring 2026,Hitotarashi,Keisuke Kuwata,36,"89,048",,,,,,
The Classroom of a Black Cat and a Witch - Cusp by ASCA [amq-82771].webm,easy,easy,Kuroneko to Majo no Kyoushitsu,The Classroom of a Black Cat and a Witch,Spring 2026,Cusp,ASCA,22,"89,089",,,,,,
Liar Game - Abuku by Yorushika [amq-82677].webm,medium,medium,Liar Game,Liar Game,Spring 2026,Abuku,Yorushika,41,"89,131",,,,,,
Farming Life in Another World 2 - It's a beautiful story by Shino Shimoji & Aya Suzaki [amq-82576].webm,easy,easy,Isekai Nonbiri Nouka 2,Farming Life in Another World 2,Spring 2026,It's a beautiful story,Shino Shimoji & Aya Suzaki,24,"88,930",,,,,,
The Food Diary of Miss Maid - Ribbon by majiko [amq-82294].webm,easy,easy,Maid-san wa Taberu dake,The Food Diary of Miss Maid,Spring 2026,Ribbon,majiko,20,"88,929",,,,,,
Kill Blue - ATTITUDE by aespa [amq-82754].webm,medium,medium,Kill Ao,Kill Blue,Spring 2026,ATTITUDE,aespa,41,"89,096",,,,,,
"Reborn as a Vending Machine, I Now Wander the Dungeon Season 3 - Jihankism by Vivarush [amq-82474].webm",easy,easy,Jidou Hanbaiki ni Umarekawatta Ore wa Meikyuu o Samayou 3rd Season,"Reborn as a Vending Machine, I Now Wander the Dungeon Season 3",Spring 2026,Jihankism,Vivarush,25,"89,055",,,,,,
Rent-a-Girlfriend - Non-Scenario Etude by Sora Amamiya [amq-82598].webm,easy,easy,"Kanojo, Okarishimasu",Rent-a-Girlfriend,Spring 2026,Non-Scenario Etude,Sora Amamiya,38,"89,048",,,,,,
Dr. Stone Science Future - Skins by ASIAN KUNG-FU GENERATION [amq-82497].webm,medium,medium,Dr. Stone: Science Future,Dr. Stone: Science Future,Spring 2026,Skins,ASIAN KUNG-FU GENERATION,52,"85,801",,,,,,
Marriagetoxin - Kill or Kiss by Yurina Hirate [amq-82694].webm,medium,medium,Marriagetoxin,Marriagetoxin,Spring 2026,Kill or Kiss,Yurina Hirate,51,"89,097",,,,,,
Gals Can’t Be Kind to Otaku! - HIDE AND SEEK by i-dle [amq-82702].webm,medium,medium,Otaku ni Yasashii Gal wa Inai!?,Gals Can’t Be Kind to Otaku!?,Spring 2026,HIDE AND SEEK,i-dle,50,"89,007",,,,,,
"The Strongest Job is Apparently Not a Hero or a Sage, but an Appraiser (Provisional)! - Compass wa Toumei by Ryushen [amq-82292].webm",easy,easy,Saikyou no Shokugyou wa Yuusha demo Kenja demo Naku Kanteishi (Kari) Rashii desu yo?,"The Strongest Job is Apparently Not a Hero or a Sage, but an Appraiser (Provisional)!",Spring 2026,Compass wa Toumei,Ryushen,25,"88,637",,,,,,
Ghost Concert Missing Songs - Goukon REQUIEMER by Minori Fujidera [amq-82664].webm,easy,easy,Ghost Concert: Missing Songs,Ghost Concert: Missing Songs,Spring 2026,Goukon REQUIEMER,Minori Fujidera,35,"88,508",,,,,,
Always a Catch! - Chikai wa Kyunto. by HoneyWorks feat. Airi Suzuki [amq-82599].webm,easy,easy,Nigashita Sakana wa Ookikatta ga Tsuriageta Sakana ga Ookisugita Ken,Always a Catch!,Spring 2026,Chikai wa Kyunto.,HoneyWorks feat. Airi Suzuki,25,"88,304",,,,,,
Needy Girl Overdose - INTERNET ANGEL by Aiobahn +81 feat. Sally Amaki [amq-82647].webm,medium,medium,Needy Girl Overdose,Needy Girl Overdose,Spring 2026,INTERNET ANGEL,Aiobahn +81 feat. Sally Amaki,44,"88,747",,,,,,
"Killed Again, Mr. Detective. - Stardust Eureka by Tajigen Seigyo Kikou YODAKA [amq-82505].webm",easy,easy,"Mata Korosarete Shimatta no desu ne, Tantei-sama","Killed Again, Mr. Detective.",Spring 2026,Stardust Eureka,Tajigen Seigyo Kikou YODAKA,16,"88,345",,,,,,
The Drops of God - hate you love you by HOKUTO [amq-82743].webm,easy,easy,Kami no Shizuku,The Drops of God,Spring 2026,hate you? love you?,HOKUTO,23,"89,131",,,,,,
"Pardon the Intrusion, I'm Home! - C'est la vie by Choutokkyuu [amq-82593].webm",easy,easy,"Tadaima, Ojama saremasu!","Pardon the Intrusion, I'm Home!",Spring 2026,C'est la vie,Choutokkyuu,23,"89,806",,,,,,
Monster Eater - Shouki no Sata by NEE [amq-82503].webm,easy,easy,Mamonogurai no Boukensha: Ore dake Mamono o Kuratte Tsuyoku Naru,Monster Eater,Spring 2026,Shouki no Sata,NEE,15,"88,679",,,,,,
Onegai AiPri - Onegai AiPri! by Onegai Kanae-tai [amq-82553].webm,medium,medium,Onegai AiPri,Onegai AiPri,Spring 2026,Onegai AiPri!,Onegai Kanae-tai,49,"89,138",,,,,,
Nippon Sangoku The Three Nations of the Crimson Sun - Hidane by Tatsuya Kitani [amq-82557].webm,medium,medium,Nippon Sangoku,Nippon Sangoku: The Three Nations of the Crimson Sun,Spring 2026,Hidane,Tatsuya Kitani,46,"87,762",,,,,,
My Ribdiculous Reincarnation - Tensei Ganbou by shukatsuclub [amq-82595].webm,easy,easy,"Megami ""Isekai Tensei Nani ni Naritai desu ka"" Ore ""Yuusha no Rokkotsu de""",My Ribdiculous Reincarnation,Spring 2026,Tensei Ganbou,shukatsuclub,28,"89,387",,,,,,
Kumarba - Konnichiworld by Fairouz Ai [amq-82658].webm,easy,easy,Kumarba,Kumarba,Spring 2026,Konnichiworld,Fairouz Ai,17,"23,590",,,,,,
Smoking Behind the Supermarket with You - Kuzuri Nen by Zutto Mayonaka de Ii no ni. [amq-83060].webm,easy,easy,Super no Ura de Yani Suu Futari,Smoking Behind the Supermarket with You,Summer 2026,Kuzuri Nen,Zutto Mayonaka de Ii no ni.,0,"89,048",,,,,,
